,,,,,,,,#success,#errors,Bottom,ML,,Top,AL,,Ripple var,,,Input var,,,Comments,#electrode connector,,,,,,,,LabVIEW,,
,Date,path,Tank,time,Block,Task,channels,#success,#errors,1-32,33-64,65-96,1-32,33-64,65-96,1-32,33-64,65-96,1-32,33-64,65-96,,,,,,,,sorter STD,filter,,,
1,"May 31, 2017",c:\users\scylla\Desktop\RZ2_64ch\DataTanks,STRF_may_31_64_sr25k,,1,STRF,64,,,RZ2-1,RZ2-1,,RZ2-2,RZ2-2,,xdi2,xdi2,,xdig,xdig,,,,,,,,,3.5,100-6k,,,
1,"May 31, 2017",c:\users\scylla\Desktop\RZ2_64ch\DataTanks,STRF_may_31_64_sr25k,,2,STRF,64,,,RZ2-1,RZ2-1,,RZ2-2,RZ2-2,,xdi2,xdi2,,xdig,xdig,,,,,,,,,3,300-7k,,,
1,"May 31, 2017",c:\users\scylla\Desktop\RZ2_64ch\DataTanks,STRF_may_31_64_sr25k,,3,STRF,64,,,RZ2-1,RZ2-1,,RZ2-2,RZ2-2,,xdi2,xdi2,,xdig,xdig,,,,,,,,,4.5,300-7k,,,
1,"May 31, 2017",c:\users\scylla\Desktop\RZ2_64ch\DataTanks,STRF_may_31_64_sr25k,,4,STRF,64,,,RZ2-1,RZ2-1,,RZ2-2,RZ2-2,,xdi2,xdi2,,xdig,xdig,,,,,,,,,4,300-7k,,,
,,,,,,,,,,,,,,,,,,,,,,,,,,,,,,,,,
2,"June 2, 2017",c:\users\scylla\Desktop\RZ2_64ch\DataTanks,Jun_2_2017_64_25k,,1,STRF,64,,,RZ2-1,RZ2-1,,RZ2-2,RZ2-2,,xdi2,xdi2,,xdig,xdig,,,,,,,,,3.5,300-7k,Jun2_17,,
2,"June 2, 2017",c:\users\scylla\Desktop\RZ2_64ch\DataTanks,Jun_2_2017_64_25k,,2,STRF,64,,,RZ2-1,RZ2-1,,RZ2-2,RZ2-2,,xdi2,xdi2,,xdig,xdig,,,,,,,,,3.5,300-7k,Jun2_17,,
2,"June 2, 2017",c:\users\scylla\Desktop\RZ2_64ch\DataTanks,Jun_2_2017_64_25k,,3,STRF,64,,,RZ2-1,RZ2-1,,RZ2-2,RZ2-2,,xdi2,xdi2,,xdig,xdig,,,,,,,,,3.5,300-7k,Jun2_17,,
, , , ,,,,,,,,,,,,,,,,,,,,,,,,,,,,,,
3,"June 5, 2017",c:\users\scylla\Desktop\RZ2_64ch\DataTanks,STRF_jun_05_64_sr25k,,1,STRF,64,,,RZ2-1,RZ2-1,,RZ2-2,RZ2-2,,xdi2,xdi2,,xdig,xdig,,,,,,,,,3.5,300-7k,,,
3,"June 5, 2017",c:\users\scylla\Desktop\RZ2_64ch\DataTanks,STRF_jun_05_64_sr25k,,2,VOC,64,,,RZ2-1,RZ2-1,,RZ2-2,RZ2-2,,xdi2,xdi2,,xdig,xdig,,,,,,,,,3.5,300-7k,,,
3,"June 5, 2017",c:\users\scylla\Desktop\RZ2_64ch\DataTanks,STRF_jun_05_64_sr25k,,3,STRF,64,,,RZ2-1,RZ2-1,,RZ2-2,RZ2-2,,xdi2,xdi2,,xdig,xdig,,,,,,,,,4,300-7k,,,
,,,,,,,,,,,,,,,,,,,,,,,,,,,,,,,,,
4,"June 6, 2017",c:\users\scylla\Desktop\RZ2_64ch\DataTanks,Jun_06_64_sr25k,,1,Textures,64,240,,RZ2-1,RZ2-1,,RZ2-2,RZ2-2,,xdi2,xdi2,,xdig,xdig,,,,,,,,,3.5,300-7k,jun_6_17,,
4,"June 6, 2017",c:\users\scylla\Desktop\RZ2_64ch\DataTanks,Jun_06_64_sr25k,,2,STRF,64,,,RZ2-1,RZ2-1,,RZ2-2,RZ2-2,,xdi2,xdi2,,xdig,xdig,,,,,,,,,3.5,300-7k,jun_6_17,,
4,"June 6, 2017",c:\users\scylla\Desktop\RZ2_64ch\DataTanks,Jun_06_64_sr25k,,3,VOC,64,,,RZ2-1,RZ2-1,,RZ2-2,RZ2-2,,xdi2,xdi2,,xdig,xdig,,,,,,,,,4,300-7k,jun_6_17,,
,,,,,,,,,,,,,,,,,,,,,,,,,,,,,,,,,
5,"June 7, 2017",c:\users\scylla\Desktop\RZ2_64ch\DataTanks,Jun_07_64_sr25k,,1,Textures,64,240,151,RZ2-1,RZ2-1,,RZ2-2,RZ2-2,,xdi2,xdi2,,xdig,xdig,,,,,,,,,3.5,300-7k,jun7_17,,
5,"June 7, 2017",c:\users\scylla\Desktop\RZ2_64ch\DataTanks,Jun_07_64_sr25k,,2,STRF,64,,,RZ2-1,RZ2-1,,RZ2-2,RZ2-2,,xdi2,xdi2,,xdig,xdig,,,,,,,,,3.5,300-7k,jun7_17,,
5,"June 7, 2017",c:\users\scylla\Desktop\RZ2_64ch\DataTanks,Jun_07_64_sr25k,,3,VOC,64,,,RZ2-1,RZ2-1,,RZ2-2,RZ2-2,,xdi2,xdi2,,xdig,xdig,,,,,,,,,4,300-7k,jun7_17,,
,,,,,,,,,,,,,,,,,,,,,,,,,,,,,,,,,
6,"June 8, 2017",c:\users\scylla\Desktop\RZ2_64ch\DataTanks,Jun_08_64_sr25k,,1,Textures,64,261,244,RZ2-1,,RZ2-1,RZ2-2,,RZ2-2,xdi2,,xdi2,xdig,,xdig,LV crashed,,,,,,,3.5,300-7k,Jun8_17,,
6,"June 8, 2017",c:\users\scylla\Desktop\RZ2_64ch\DataTanks,Jun_08_64_sr25k,,2,STRF,64,,,RZ2-1,,RZ2-1,RZ2-2,,RZ2-2,xdi2,,xdi2,xdig,,xdig,,,,,,,,3.5,300-7k,Jun8_17,,
6,"June 8, 2017",c:\users\scylla\Desktop\RZ2_64ch\DataTanks,Jun_08_64_sr25k,,3,VOC,64,,,RZ2-1,,RZ2-1,RZ2-2,,RZ2-2,xdi2,,xdi2,xdig,,xdig,,,,,,,,4,300-7k,Jun8_17,,
,,,,,,,,,,,,,,,,,,,,,,,,,,,,,,,,,
7,"June 9, 2017",c:\users\scylla\Desktop\RZ2_64ch\DataTanks,Jun_09_64_sr25k,,1,Textures,64,261,244,RZ2-1,,RZ2-1,RZ2-2,,RZ2-2,xdi2,,xdi2,xdig,,xdig,Electrode advanced 1/20th turn,,,,,,,3.5,300-7k,jun_9_17,,
7,"June 9, 2017",c:\users\scylla\Desktop\RZ2_64ch\DataTanks,Jun_09_64_sr25k,,2,STRF,64,,,RZ2-1,,RZ2-1,RZ2-2,,RZ2-2,xdi2,,xdi2,xdig,,xdig,1 turn=0.435mm,,,,,,,3.5,300-7k,jun_9_17,,
7,"June 9, 2017",c:\users\scylla\Desktop\RZ2_64ch\DataTanks,Jun_09_64_sr25k,,3,VOC,64,,,RZ2-1,,RZ2-1,RZ2-2,,RZ2-2,xdi2,,xdi2,xdig,,xdig,0.02175,,,,,,,4,300-7k,jun_9_17,,
,,,,,,,,,,,,,,,,,,,,,,,,,,,,,,,,,
8,"June 13, 2017",c:\users\scylla\Desktop\RZ2_64ch\DataTanks,Jun_13_64_sr25k,,1,Textures,64,278,427,RZ2-1,RZ2-1,,RZ2-2,RZ2-2,,xdi2,xdi2,,xdig,xdig, ,Noisy,,,,,,,3.5,300-7k,jun13_17,,
8,"June 13, 2017",c:\users\scylla\Desktop\RZ2_64ch\DataTanks,Jun_13_64_sr25k,,2,STRF,64,,,RZ2-1,RZ2-1,,RZ2-2,RZ2-2,,xdi2,xdi2,,xdig,xdig, ,"STRF changed to 10min session,, double # of triggers",,,,,,,3.5,300-7k,jun13_17,,
8,"June 13, 2017",c:\users\scylla\Desktop\RZ2_64ch\DataTanks,Jun_13_64_sr25k,,3,VOC,64,,,RZ2-1,RZ2-1,,RZ2-2,RZ2-2,,xdi2,xdi2,,xdig,xdig, , ,,,,,,,4,300-7k,jun13_17,,
,,,,,,,,,,,,,,,,,,,,,,,,,,,,,,,,,
9,"June 14, 2017",c:\users\scylla\Desktop\RZ2_64ch\DataTanks,Jun_14_64_sr25k,,1,Textures,64,153,118,RZ2-2,,RZ2-2,RZ2-1,,RZ2-1,xdi2,,xdi2,xdig,,xdig,Zbus error,,,,,,,3.5,300-7k,jun14_17,,
9,"June 14, 2017",c:\users\scylla\Desktop\RZ2_64ch\DataTanks,Jun_14_64_sr25k,,2,Textures,64, , ,RZ2-2,,RZ2-2,RZ2-1,,RZ2-1,xdi2,,xdi2,xdig,,xdig,"Noise reduced when grabbiing josystick, monkey gets grounded",,,,,,,3.5,300-7k,jun14_17,,
9,"June 14, 2017",c:\users\scylla\Desktop\RZ2_64ch\DataTanks,Jun_14_64_sr25k,,3,STRF,64,,,RZ2-2,,RZ2-2,RZ2-1,,RZ2-1,xdi2,,xdi2,xdig,,xdig,Chair grounded at 2nd block,,,,,,,3.5,300-7k,jun14_17,,
9,"June 14, 2017",c:\users\scylla\Desktop\RZ2_64ch\DataTanks,Jun_14_64_sr25k,,4,VOC,64,,,RZ2-2,,RZ2-2,RZ2-1,,RZ2-1,xdi2,,xdi2,xdig,,xdig,"TDT crashed sound comp,pause at 50:28, second block starts t 154/119",,,,,,,4,300-7k,jun14_17,,
,,,,,,,,,,,,,,,,,,,,,,,,,,,,,,,,,
10,"June 15, 2017",c:\users\scylla\Desktop\RZ2_64ch\DataTanks,Jun_15_64_sr25k,9:50,1,Textures,64, , ,RZ2-2,RZ2-2,,RZ2-1,RZ2-1,,strm,strm, ,xdig,xdig,,,,,,,,,3.5,300-7k,jun15_17,,
10,"June 15, 2017",c:\users\scylla\Desktop\RZ2_64ch\DataTanks,Jun_15_64_sr25k,12:00,2,STRF,64, , ,RZ2-2,RZ2-2,,RZ2-1,RZ2-1,,strm,strm, ,xdig,xdig,,,,,,,,,3.5,300-7k,jun15_17,,
10,"June 15, 2017",c:\users\scylla\Desktop\RZ2_64ch\DataTanks,Jun_15_64_sr25k,12:15,3,VOC,64,,,RZ2-2,RZ2-2,,RZ2-1,RZ2-1,,strm,strm, ,xdig,xdig,,,,,,,,,3.5,300-7k,jun15_17,,
,,,,,,,,,,,,,,,,,,,,,,,,,,,,,,,,,
11,"June 17, 2017",c:\users\scylla\Desktop\RZ2_64ch\DataTanks,Jun_17_64_sr25k, ,1,Textures,64,232,170,RZ2-2,RZ2-2,,RZ2-1,RZ2-1,,strm,strm, ,xdig,xdig,,"Paused at 400, Beh stopped at 652",,,,,,,3.5,300-7k,Jun17_17,,
11,"June 17, 2017",c:\users\scylla\Desktop\RZ2_64ch\DataTanks,Jun_17_64_sr25k, ,2,STRF,64, , ,RZ2-2,RZ2-2,,RZ2-1,RZ2-1,,strm,strm, ,xdig,xdig,,Missed one at beginning of block 3,,,,,,,3.5,300-7k,Jun17_17,,
11,"June 17, 2017",c:\users\scylla\Desktop\RZ2_64ch\DataTanks,Jun_17_64_sr25k, ,3,Textures,64,,400,RZ2-2,RZ2-2,,RZ2-1,RZ2-1,,strm,strm, ,xdig,xdig,,,,,,,,,3.5,300-7k,Jun17_17,,
11,"June 17, 2017",c:\users\scylla\Desktop\RZ2_64ch\DataTanks,Jun_17_64_sr25k, ,4,VOC,64,,,RZ2-2,RZ2-2,,RZ2-1,RZ2-1,,strm,strm, ,xdig,xdig,,,,,,,,,3.5,300-7k,Jun17_17,,
,,,,,,,,,,,,,,,,,,,,,,,,,,,,,,,,,
,,,,,,,,,,,,,,,,,,,,,,,,,,,,,,,,,
12,"June 19, 2017",c:\users\scylla\Desktop\RZ2_64ch\DataTanks,Jun_19_64_sr25k, ,1,Textures,64, , ,RZ2-1,RZ2-1,,RZ2-2,RZ2-2,,xpz5,xpz5, ,xpz2,xpz2,,tank errors,,,,,,,3.5,300-7k,jun19_17,,
12,"June 19, 2017",c:\users\scylla\Desktop\RZ2_64ch\DataTanks,Jun_19_64_sr25k, ,2,Textures,64, , ,RZ2-1,RZ2-1,,RZ2-2,RZ2-2,,xpz5,xpz5, ,xpz2,xpz2,,change to kool aid,,,,,,,3.5,300-7k,jun19_17,,
12,"June 19, 2017",c:\users\scylla\Desktop\RZ2_64ch\DataTanks,Jun_19_64_sr25k, ,3,test,64,, ,RZ2-1,RZ2-1,,RZ2-2,RZ2-2,,xpz5,xpz5, ,xpz2,xpz2,,,,,,,,,3.5,300-7k,jun19_17,,
12,"June 19, 2017",c:\users\scylla\Desktop\RZ2_64ch\DataTanks,Jun_19_64_sr25k, ,4,BAD,64,,,RZ2-1,RZ2-1,,RZ2-2,RZ2-2,,xpz5,xpz5, ,xpz2,xpz2,,,,,,,,,3.5,300-7k,jun19_17,,
12,"June 19, 2017",c:\users\scylla\Desktop\RZ2_64ch\DataTanks,Jun_19_64_sr25k, ,5,STRF,64,, ,RZ2-1,RZ2-1,,RZ2-2,RZ2-2,,xpz5,xpz5, ,xpz2,xpz2,,,,,,,,,3.5,300-7k,jun19_17,,
12,"June 19, 2017",c:\users\scylla\Desktop\RZ2_64ch\DataTanks,Jun_19_64_sr25k, ,6,VOC,64,,,RZ2-1,RZ2-1,,RZ2-2,RZ2-2,,xpz5,xpz5, ,xpz2,xpz2,,,,,,,,,3.5,300-7k,jun19_17,,
,,,,,,,,,,,,,,,,,,,,,,,,,,,,,,,,,
13,"June 20, 2017",c:\users\scylla\Desktop\RZ2_64ch\DataTanks,Jun_20_64_sr25k, ,1,STRF,64,,,RZ2-1,RZ2-1,,RZ2-2,RZ2-2,,xpz5,xpz5, ,xpz2,xpz2,,Testing ground,32,64,,32,64,,3.5,300-7k,,,
13,"June 20, 2017",c:\users\scylla\Desktop\RZ2_64ch\DataTanks,Jun_20_64_sr25k, ,2,STRF,64,, ,RZ2-1,RZ2-1,,RZ2-2,RZ2-2,,xpz5,xpz5, ,xpz2,xpz2,,better without booth ground,32,64,,32,64,,3.5,300-7k,,,
13,"June 20, 2017",c:\users\scylla\Desktop\RZ2_64ch\DataTanks,Jun_20_64_sr25k, ,3,VOC,64,,,RZ2-1,RZ2-1,,RZ2-2,RZ2-2,,xpz5,xpz5, ,xpz2,xpz2,,,32,64,,32,64,,3.5,300-7k,,,
,,,,,,,,,,,,,,,,,,,,,,,,,,,,,,,,,
14,"June 21, 2017",c:\users\scylla\Desktop\RZ2_64ch\DataTanks,Jun_21_64_sr25k, ,1,Textures,64,,,RZ2-1,RZ2-1,,RZ2-2,RZ2-2,,xpz5,xpz5, ,xpz2,xpz2,,Stopped Sam was moving  lot,32,64,,32,64,,3.5,300-7k,jun21_17,,
14,"June 21, 2017",c:\users\scylla\Desktop\RZ2_64ch\DataTanks,Jun_21_64_sr25k, ,2,STRF,64,, ,RZ2-1,RZ2-1,,RZ2-2,RZ2-2,,xpz5,xpz5, ,xpz2,xpz2,, ,32,64,,32,64,,3.5,300-7k,jun21_17,,
14,"June 21, 2017",c:\users\scylla\Desktop\RZ2_64ch\DataTanks,Jun_21_64_sr25k, ,3,STRF,64,,,RZ2-1,RZ2-1,,RZ2-2,RZ2-2,,xpz5,xpz5, ,xpz2,xpz2,,,32,64,,32,64,,3.5,300-7k,jun21_17,,
,,,,,,,,,,,,,,,,,,,,,,,,,,,,,,,,,
15,"June 22, 2017",c:\users\scylla\Desktop\RZ2_192ch\DataTanks,Jun22_17_192ch_sr25k, ,1,Textures,96,25,308,RZ2-1,RZ2-1,RZ2-2,RZ2-2,RZ2-2,RZ2-2,xpz5,xpz5,xpz2,xpz2,xpz2,xpz2,Stopped Sam was moving  lot,32,64,32,64,96,128,3.5,300-7k,jun22_17,,
15,"June 22, 2017",c:\users\scylla\Desktop\RZ2_192ch\DataTanks,Jun22_17_192ch_sr25k, ,2,STRF,96,, ,RZ2-1,RZ2-1,RZ2-2,RZ2-2,RZ2-2,RZ2-2,xpz5,xpz5,xpz2,xpz2,xpz2,xpz2,"xpz2(1-32) are connected to ML, AL goes from 33 to 192",32,64,32,64,96,128,3.5,300-7k,jun22_17,,
15,"June 22, 2017",c:\users\scylla\Desktop\RZ2_192ch\DataTanks,Jun22_17_192ch_sr25k, ,3,STRF5m,96,,,RZ2-1,RZ2-1,RZ2-2,RZ2-2,RZ2-2,RZ2-2,xpz5,xpz5,xpz2,xpz2,xpz2,xpz2,,32,64,32,64,96,128,3.5,300-7k,jun22_17,,
15,"June 22, 2017",c:\users\scylla\Desktop\RZ2_192ch\DataTanks,Jun22_17_192ch_sr25k, ,4,VOC,96,,,RZ2-1,RZ2-1,RZ2-2,RZ2-2,RZ2-2,RZ2-2,xpz5,xpz5,xpz2,xpz2,xpz2,xpz2,,32,64,32,64,96,128,3.5,300-7k,jun22_17,,
,,,,,,,,,,,,,,,,,,,,,,,,,,,,,,,,,
16,"June 27, 2017",c:\users\scylla\Desktop\RZ2_192ch\DataTanks,Jun27_17_192ch_sr25k, ,1,Textures,96, , ,RZ2-1,RZ2-1,RZ2-2,RZ2-2,RZ2-2,RZ2-2,xpz5,xpz5,xpz2,xpz2,xpz2,xpz2,Stopped Sam was moving  lot,32,64,32,64,96,128,3.5,300-7k,Jun27_17,,
16,"June 27, 2017",c:\users\scylla\Desktop\RZ2_192ch\DataTanks,Jun27_17_192ch_sr25k, ,2,Textures,96,,564,RZ2-1,RZ2-1,RZ2-2,RZ2-2,RZ2-2,RZ2-2,xpz5,xpz5,xpz2,xpz2,xpz2,xpz2,"xpz2(1-32) are connected to ML, AL goes from 33 to 192",32,64,32,64,96,128,3.5,300-7k,Jun27_17,,
16,"June 27, 2017",c:\users\scylla\Desktop\RZ2_192ch\DataTanks,Jun27_17_192ch_sr25k, ,3,STRF,96,,,RZ2-1,RZ2-1,RZ2-2,RZ2-2,RZ2-2,RZ2-2,xpz5,xpz5,xpz2,xpz2,xpz2,xpz2,,32,64,32,64,96,128,3.5,300-7k,Jun27_17,,
16,"June 27, 2017",c:\users\scylla\Desktop\RZ2_192ch\DataTanks,Jun27_17_192ch_sr25k, ,4,STRF5m,96,,,RZ2-1,RZ2-1,RZ2-2,RZ2-2,RZ2-2,RZ2-2,xpz5,xpz5,xpz2,xpz2,xpz2,xpz2,,32,64,32,64,96,128,3.5,300-7k,Jun27_17,,
16,"June 27, 2017",c:\users\scylla\Desktop\RZ2_192ch\DataTanks,Jun27_17_192ch_sr25k, ,5,VOC,96,,,RZ2-1,RZ2-1,RZ2-2,RZ2-2,RZ2-2,RZ2-2,xpz5,xpz5,xpz2,xpz2,xpz2,xpz2,,32,64,32,64,96,128,3.5,300-7k,Jun27_17,,
,,,,,,,,,,,,,,,,,,,,,,,,,,,,,,,,,
17,"June 29, 2017",c:\users\scylla\Desktop\RZ2_192ch\DataTanks,Jun29_17_192ch_sr25k, ,1,Textures,96, ,301,RZ2-1,RZ2-1,RZ2-2,RZ2-2,RZ2-2,RZ2-2,xpz5,xpz5,xpz2,xpz2,xpz2,xpz2,"Using grape, he listened to about 600 sounds, before starting to respond",32,64,32,64,96,128,3.5,300-7k,Jun29_17,,
17,"June 29, 2017",c:\users\scylla\Desktop\RZ2_192ch\DataTanks,Jun29_17_192ch_sr25k, ,2,Textures,96,, ,RZ2-1,RZ2-1,RZ2-2,RZ2-2,RZ2-2,RZ2-2,xpz5,xpz5,xpz2,xpz2,xpz2,xpz2, ,32,64,32,64,96,128,3.5,300-7k,Jun29_17,,
17,"June 29, 2017",c:\users\scylla\Desktop\RZ2_192ch\DataTanks,Jun29_17_192ch_sr25k, ,3,STRF,96,,,RZ2-1,RZ2-1,RZ2-2,RZ2-2,RZ2-2,RZ2-2,xpz5,xpz5,xpz2,xpz2,xpz2,xpz2,,32,64,32,64,96,128,3.5,300-7k,Jun29_17,,
17,"June 29, 2017",c:\users\scylla\Desktop\RZ2_192ch\DataTanks,Jun29_17_192ch_sr25k, ,4,VOC,96,,,RZ2-1,RZ2-1,RZ2-2,RZ2-2,RZ2-2,RZ2-2,xpz5,xpz5,xpz2,xpz2,xpz2,xpz2,,32,64,32,64,96,128,3.5,300-7k,Jun29_17,,
17,"June 29, 2017",c:\users\scylla\Desktop\RZ2_192ch\DataTanks,Jun29_17_192ch_sr25k, ,5,STRF5m,96,,,RZ2-1,RZ2-1,RZ2-2,RZ2-2,RZ2-2,RZ2-2,xpz5,xpz5,xpz2,xpz2,xpz2,xpz2,,32,64,32,64,96,128,3.5,300-7k,Jun29_17,,
,,,,,,,,,,,,,,,,,,,,,,,,,,,,,,,,,
18,"July 2, 2017",c:\users\scylla\Desktop\RZ2_192ch\DataTanks,Jul2_17_192ch_sr25k, ,1,Textures,96, ,801,RZ2-1,RZ2-1,RZ2-2,RZ2-2,RZ2-2,RZ2-2,xpz5,xpz5,xpz2,xpz2,xpz2,xpz2,"Using grape, he listened to about 600 sounds, before starting to respond",32,64,32,64,96,128,3.5,300-7k,jul2_17,,
18,"July 2, 2017",c:\users\scylla\Desktop\RZ2_192ch\DataTanks,Jul2_17_192ch_sr25k, ,2,STRF,96,, ,RZ2-1,RZ2-1,RZ2-2,RZ2-2,RZ2-2,RZ2-2,xpz5,xpz5,xpz2,xpz2,xpz2,xpz2, ,32,64,32,64,96,128,3.5,300-7k,jul2_17,,
18,"July 2, 2017",c:\users\scylla\Desktop\RZ2_192ch\DataTanks,Jul2_17_192ch_sr25k, ,3,VOC,96,,,RZ2-1,RZ2-1,RZ2-2,RZ2-2,RZ2-2,RZ2-2,xpz5,xpz5,xpz2,xpz2,xpz2,xpz2,,32,64,32,64,96,128,3.5,300-7k,jul2_17,,
,,,,,,,,,,,,,,,,,,,,,,,,,,,,,,,,,
19,"July 3, 2017",c:\users\scylla\Desktop\RZ2_192ch\DataTanks,Ju32_17_192ch_sr25k, ,1,Textures,96,282,526,RZ2-1,RZ2-1,RZ2-2,RZ2-2,RZ2-2,RZ2-2,xpz5,xpz5,xpz2,xpz2,xpz2,xpz2,"Using grape, he listened to about 600 sounds, before starting to respond",32,64,32,64,96,128,3.5,300-7k,Jul3_17,,
19,"July 3, 2017",c:\users\scylla\Desktop\RZ2_192ch\DataTanks,Ju32_17_192ch_sr25k, ,2,STRF,96,, ,RZ2-1,RZ2-1,RZ2-2,RZ2-2,RZ2-2,RZ2-2,xpz5,xpz5,xpz2,xpz2,xpz2,xpz2, ,32,64,32,64,96,128,3.5,300-7k,Jul3_17,,
19,"July 3, 2017",c:\users\scylla\Desktop\RZ2_192ch\DataTanks,Ju32_17_192ch_sr25k, ,3,VOC,96,,,RZ2-1,RZ2-1,RZ2-2,RZ2-2,RZ2-2,RZ2-2,xpz5,xpz5,xpz2,xpz2,xpz2,xpz2,,32,64,32,64,96,128,3.5,300-7k,Jul3_17,,
,,,,,,,,,,,,,,,,,,,,,,,,,,,,,,,,,
20,"July 5, 2017",c:\users\scylla\Desktop\RZ2_192ch\DataTanks,Jul5_17_192ch_sr25k, ,1,Textures,96,243,276,RZ2-1,RZ2-1,RZ2-2,RZ2-2,RZ2-2,RZ2-2,xpz5,xpz5,xpz2,xpz2,xpz2,xpz2, ,32,64,32,64,96,128,3.5,300-7k,Jul5_17,,
20,"July 5, 2017",c:\users\scylla\Desktop\RZ2_192ch\DataTanks,Jul5_17_192ch_sr25k, ,2,STRF,96,, ,RZ2-1,RZ2-1,RZ2-2,RZ2-2,RZ2-2,RZ2-2,xpz5,xpz5,xpz2,xpz2,xpz2,xpz2, ,32,64,32,64,96,128,3.5,300-7k,Jul5_17,,
20,"July 5, 2017",c:\users\scylla\Desktop\RZ2_192ch\DataTanks,Jul5_17_192ch_sr25k, ,3,VOC,96,,,RZ2-1,RZ2-1,RZ2-2,RZ2-2,RZ2-2,RZ2-2,xpz5,xpz5,xpz2,xpz2,xpz2,xpz2,,32,64,32,64,96,128,3.5,300-7k,Jul5_17,,
,,,,,,,,,,,,,,,,,,,,,,,,,,,,,,,,,
21,"July 7, 2017",c:\users\scylla\Desktop\RZ2_192ch\DataTanks,Jul7_17_192ch_sr25k, ,1,Textures,96,310,425,RZ2-1,RZ2-1,RZ2-2,RZ2-2,RZ2-2,RZ2-2,xpz5,xpz5,xpz2,xpz2,xpz2,xpz2, ,32,64,32,64,96,128,3.5,300-7k,Jul7_17,,
21,"July 7, 2017",c:\users\scylla\Desktop\RZ2_192ch\DataTanks,Jul7_17_192ch_sr25k, ,2,STRF,96,, ,RZ2-1,RZ2-1,RZ2-2,RZ2-2,RZ2-2,RZ2-2,xpz5,xpz5,xpz2,xpz2,xpz2,xpz2, ,32,64,32,64,96,128,3.5,300-7k,Jul7_17,,
21,"July 7, 2017",c:\users\scylla\Desktop\RZ2_192ch\DataTanks,Jul7_17_192ch_sr25k, ,3,VOC,96,,,RZ2-1,RZ2-1,RZ2-2,RZ2-2,RZ2-2,RZ2-2,xpz5,xpz5,xpz2,xpz2,xpz2,xpz2,,32,64,32,64,96,128,3.5,300-7k,Jul7_17,,
,,,,,,,,,,,,,,,,,,,,,,,,,,,,,,,,,
22,"July 8, 2017",c:\users\scylla\Desktop\RZ2_192ch\DataTanks,Jul8_17_192ch_sr25k, ,1,Textures,96,310,425,RZ2-1,RZ2-1,RZ2-2,RZ2-2,RZ2-2,RZ2-2,xpz5,xpz5,xpz2,xpz2,xpz2,xpz2,Advancing electrode after recording 1/4 turn ~1nm,32,64,32,64,96,128,3.5,300-7k,jul8_17,,
22,"July 8, 2017",c:\users\scylla\Desktop\RZ2_192ch\DataTanks,Jul8_17_192ch_sr25k, ,2,STRF,96,, ,RZ2-1,RZ2-1,RZ2-2,RZ2-2,RZ2-2,RZ2-2,xpz5,xpz5,xpz2,xpz2,xpz2,xpz2, ,32,64,32,64,96,128,3.5,300-7k,jul8_17,,
22,"July 8, 2017",c:\users\scylla\Desktop\RZ2_192ch\DataTanks,Jul8_17_192ch_sr25k, ,3,VOC,96,,,RZ2-1,RZ2-1,RZ2-2,RZ2-2,RZ2-2,RZ2-2,xpz5,xpz5,xpz2,xpz2,xpz2,xpz2,,32,64,32,64,96,128,3.5,300-7k,jul8_17,,
,,,,,,,,,,,,,,,,,,,,,,,,,,,,,,,,,
23,"July 9, 2017",c:\users\scylla\Desktop\RZ2_192ch\DataTanks,Jul9_17_192ch_sr25k, ,1,Textures,96, , ,RZ2-1,RZ2-1,RZ2-2,RZ2-2,RZ2-2,RZ2-2,xpz5,xpz5,xpz2,xpz2,xpz2,xpz2, ,32,64,32,64,96,128,3.5,300-7k,jul9_17,,
23,"July 9, 2017",c:\users\scylla\Desktop\RZ2_192ch\DataTanks,Jul9_17_192ch_sr25k, ,2,STRF,96,, ,RZ2-1,RZ2-1,RZ2-2,RZ2-2,RZ2-2,RZ2-2,xpz5,xpz5,xpz2,xpz2,xpz2,xpz2, ,32,64,32,64,96,128,3.5,300-7k,jul9_17,,
23,"July 9, 2017",c:\users\scylla\Desktop\RZ2_192ch\DataTanks,Jul9_17_192ch_sr25k, ,3,VOC,96,,,RZ2-1,RZ2-1,RZ2-2,RZ2-2,RZ2-2,RZ2-2,xpz5,xpz5,xpz2,xpz2,xpz2,xpz2,,32,64,32,64,96,128,3.5,300-7k,jul9_17,,
,,,,,,,,,,,,,,,,,,,,,,,,,,,,,,,,,
24,"July 10, 2017",c:\users\scylla\Desktop\RZ2_192ch\DataTanks,Jul10_17_192ch_sr25k, ,1,Textures,96, , ,RZ2-1,RZ2-1,RZ2-2,RZ2-2,RZ2-2,RZ2-2,xpz5,xpz5,xpz2,xpz2,xpz2,xpz2, ,32,64,32,64,96,128,3.5,300-7k,jul10_17,,
24,"July 10, 2017",c:\users\scylla\Desktop\RZ2_192ch\DataTanks,Jul10_17_192ch_sr25k, ,2,STRF,96,, ,RZ2-1,RZ2-1,RZ2-2,RZ2-2,RZ2-2,RZ2-2,xpz5,xpz5,xpz2,xpz2,xpz2,xpz2, ,32,64,32,64,96,128,3.5,300-7k,jul10_17,,
24,"July 10, 2017",c:\users\scylla\Desktop\RZ2_192ch\DataTanks,Jul10_17_192ch_sr25k, ,3,VOC,96,,,RZ2-1,RZ2-1,RZ2-2,RZ2-2,RZ2-2,RZ2-2,xpz5,xpz5,xpz2,xpz2,xpz2,xpz2,,32,64,32,64,96,128,3.5,300-7k,jul10_17,,
,,,,,,,,,,,,,,,,,,,,,,,,,,,,,,,,,
25,"July 11, 2017",c:\users\scylla\Desktop\RZ2_192ch\DataTanks,Jul11_17_192ch_sr25k, ,1,Textures,96, , ,RZ2-1,RZ2-1,RZ2-2,RZ2-2,RZ2-2,RZ2-2,xpz5,xpz5,xpz2,xpz2,xpz2,xpz2,shaking stopped at 221 trials,32,64,32,64,96,128,3.5,300-7k,Jul11_17,,
25,"July 11, 2017",c:\users\scylla\Desktop\RZ2_192ch\DataTanks,Jul11_17_192ch_sr25k, ,2,STRF,96,, ,RZ2-1,RZ2-1,RZ2-2,RZ2-2,RZ2-2,RZ2-2,xpz5,xpz5,xpz2,xpz2,xpz2,xpz2, ,32,64,32,64,96,128,3.5,300-7k,Jul11_17,,
25,"July 11, 2017",c:\users\scylla\Desktop\RZ2_192ch\DataTanks,Jul11_17_192ch_sr25k, ,3,VOC,96,,,RZ2-1,RZ2-1,RZ2-2,RZ2-2,RZ2-2,RZ2-2,xpz5,xpz5,xpz2,xpz2,xpz2,xpz2,,32,64,32,64,96,128,3.5,300-7k,Jul11_17,,
,,,,,,,,,,,,,,,,,,,,,,,,,,,,,,,,,
26,"July 12, 2017",c:\users\scylla\Desktop\RZ2_192ch\DataTanks,Jul12_17_192ch_sr25k, ,1,Textures,96, , ,RZ2-1,RZ2-1,RZ2-2,RZ2-2,RZ2-2,RZ2-2,xpz5,xpz5,xpz2,xpz2,xpz2,xpz2, ,32,64,32,64,96,128,3.5,300-7k,jul12_17,,
26,"July 12, 2017",c:\users\scylla\Desktop\RZ2_192ch\DataTanks,Jul12_17_192ch_sr25k, ,2,STRF,96,, ,RZ2-1,RZ2-1,RZ2-2,RZ2-2,RZ2-2,RZ2-2,xpz5,xpz5,xpz2,xpz2,xpz2,xpz2, ,32,64,32,64,96,128,3.5,300-7k,jul12_17,,
26,"July 12, 2017",c:\users\scylla\Desktop\RZ2_192ch\DataTanks,Jul12_17_192ch_sr25k, ,3,VOC,96,,,RZ2-1,RZ2-1,RZ2-2,RZ2-2,RZ2-2,RZ2-2,xpz5,xpz5,xpz2,xpz2,xpz2,xpz2,,32,64,32,64,96,128,3.5,300-7k,jul12_17,,
,,,,,,,,,,,,,,,,,,,,,,,,,,,,,,,,,
27,"July 13, 2017",c:\users\scylla\Desktop\RZ2_192ch\DataTanks,Jul13b_17_192ch_sr25k, ,1,Textures,96, , ,RZ2-1,RZ2-1,RZ2-2,RZ2-2,RZ2-2,RZ2-2,xpz5,xpz5,xpz2,xpz2,xpz2,xpz2,Shaking stopped at 600,32,64,32,64,96,128,3.5,300-7k,jul13_17,,
27,"July 13, 2017",c:\users\scylla\Desktop\RZ2_192ch\DataTanks,Jul13b_17_192ch_sr25k, ,2,STRF,96,, ,RZ2-1,RZ2-1,RZ2-2,RZ2-2,RZ2-2,RZ2-2,xpz5,xpz5,xpz2,xpz2,xpz2,xpz2,Data seems not to be saved for block1,32,64,32,64,96,128,3.5,300-7k,jul13_17,,
27,"July 13, 2017",c:\users\scylla\Desktop\RZ2_192ch\DataTanks,Jul13b_17_192ch_sr25k, ,3,VOC,96,,,RZ2-1,RZ2-1,RZ2-2,RZ2-2,RZ2-2,RZ2-2,xpz5,xpz5,xpz2,xpz2,xpz2,xpz2,TDT chrashed and screwed the tank for block1,32,64,32,64,96,128,3.5,300-7k,jul13_17,,
,,,,,,,,,,,,,,,,,,,,,,,,,,,,,,,,,
28,"July 23, 2017",c:\users\scylla\Desktop\RZ2_192ch\DataTanks,Jul23_17_192ch_sr25k, ,1,STRF,96, , ,RZ2-1,RZ2-1,RZ2-2,RZ2-2,RZ2-2,RZ2-2,xpz5,xpz5,xpz2,xpz2,xpz2,xpz2, ,32,64,32,64,96,128,3.5,300-7k,Jul23_17,,
28,"July 23, 2017",c:\users\scylla\Desktop\RZ2_192ch\DataTanks,Jul23_17_192ch_sr25k, ,2,VOC,96,, ,RZ2-1,RZ2-1,RZ2-2,RZ2-2,RZ2-2,RZ2-2,xpz5,xpz5,xpz2,xpz2,xpz2,xpz2, ,32,64,32,64,96,128,3.5,300-7k,Jul23_17,,
28,"July 23, 2017",c:\users\scylla\Desktop\RZ2_192ch\DataTanks,Jul23_17_192ch_sr25k, ,3,Textures,96,,,RZ2-1,RZ2-1,RZ2-2,RZ2-2,RZ2-2,RZ2-2,xpz5,xpz5,xpz2,xpz2,xpz2,xpz2,Shorter run,32,64,32,64,96,128,3.5,300-7k,Jul23_17,,
,,,,,,,,,,,,,,,,,,,,,,,,,,,,,,,,,
29,"July 25, 2017",c:\users\scylla\Desktop\RZ2_192ch\DataTanks,Jul25_17_192ch_sr25k, ,1,Textures,96, , ,RZ2-1,RZ2-1,RZ2-2,RZ2-2,RZ2-2,RZ2-2,xpz5,xpz5,xpz2,xpz2,xpz2,xpz2,"Stopped at 319, shaking…also PZ564 seems to be only clipping",32,64,32,64,96,128,3.5,300-7k,jul25_17,,
29,"July 25, 2017",c:\users\scylla\Desktop\RZ2_192ch\DataTanks,Jul25_17_192ch_sr25k, ,2,STRF,96,, ,RZ2-1,RZ2-1,RZ2-2,RZ2-2,RZ2-2,RZ2-2,xpz5,xpz5,xpz2,xpz2,xpz2,xpz2, ,32,64,32,64,96,128,3.5,300-7k,jul25_17,,
29,"July 25, 2017",c:\users\scylla\Desktop\RZ2_192ch\DataTanks,Jul25_17_192ch_sr25k, ,3,VOC,96,,,RZ2-1,RZ2-1,RZ2-2,RZ2-2,RZ2-2,RZ2-2,xpz5,xpz5,xpz2,xpz2,xpz2,xpz2, ,32,64,32,64,96,128,3.5,300-7k,jul25_17,,
,,,,,,,,,,,,,,,,,,,,,,,,,,,,,,,,,
30,"July 26, 2017",c:\users\scylla\Desktop\RZ2_192ch\DataTanks,Jul26_17_192ch_sr25k, ,1,Textures,96,309,200,RZ2-1,RZ2-1,RZ2-2,RZ2-2,RZ2-2,RZ2-2,xpz5,xpz5,xpz2,xpz2,xpz2,xpz2,"Stopped at 509, shaking…, ttank error for snip store, streamer at 80%",32,64,32,64,96,128,3.5,300-7k,Jul26_17,,
30,"July 26, 2017",c:\users\scylla\Desktop\RZ2_192ch\DataTanks,Jul26_17_192ch_sr25k, ,2,STRF,96,, ,RZ2-1,RZ2-1,RZ2-2,RZ2-2,RZ2-2,RZ2-2,xpz5,xpz5,xpz2,xpz2,xpz2,xpz2, ,32,64,32,64,96,128,3.5,300-7k,Jul26_17,,
30,"July 26, 2017",c:\users\scylla\Desktop\RZ2_192ch\DataTanks,Jul26_17_192ch_sr25k, ,3,VOC,96,,,RZ2-1,RZ2-1,RZ2-2,RZ2-2,RZ2-2,RZ2-2,xpz5,xpz5,xpz2,xpz2,xpz2,xpz2, ,32,64,32,64,96,128,3.5,300-7k,Jul26_17,,
,,,,,,,,,,,,,,,,,,,,,,,,,,,,,,,,,
,,,,,,,,,,,,,,,,,,,,,,,,,,,,,,,,,
31,"July 27, 2017",c:\users\scylla\Desktop\RZ2_192ch\DataTanks,Jul27_17_192ch_sr25k, ,1,Textures,96, , ,RZ2-1,RZ2-1,RZ2-2,RZ2-2,RZ2-2,RZ2-2,xpz5,xpz5,xpz2,xpz2,xpz2,xpz2, ,32,64,32,64,96,128,3.5,300-7k,Jul27_17,,
31,"July 27, 2017",c:\users\scylla\Desktop\RZ2_192ch\DataTanks,Jul27_17_192ch_sr25k, ,2,STRF,96,, ,RZ2-1,RZ2-1,RZ2-2,RZ2-2,RZ2-2,RZ2-2,xpz5,xpz5,xpz2,xpz2,xpz2,xpz2, ,32,64,32,64,96,128,3.5,300-7k,Jul27_17,,
31,"July 27, 2017",c:\users\scylla\Desktop\RZ2_192ch\DataTanks,Jul27_17_192ch_sr25k, ,3,VOC,96,,,RZ2-1,RZ2-1,RZ2-2,RZ2-2,RZ2-2,RZ2-2,xpz5,xpz5,xpz2,xpz2,xpz2,xpz2, ,32,64,32,64,96,128,3.5,300-7k,Jul27_17,,
,,,,,,,,,,,,,,,,,,,,,,,,,,,,,,,,,
32,"August 2, 2017",c:\users\scylla\Desktop\RZ2_192ch\DataTanks,Texture-170802-111618, ,1,Textures,96, , ,RZ2-1,RZ2-1,RZ2-2,RZ2-2,RZ2-2,RZ2-2,xpz5,xpz5,xpz2,xpz2,xpz2,xpz2,Beep started after the first hour,32,64,32,64,96,128,3.5,300-7k,Aug2_17,,z:\Tanks\
32,"August 2, 2017",c:\users\scylla\Desktop\RZ2_192ch\DataTanks,Texture-170802-134744, ,2,STRF,96,, ,RZ2-1,RZ2-1,RZ2-2,RZ2-2,RZ2-2,RZ2-2,xpz5,xpz5,xpz2,xpz2,xpz2,xpz2, ,32,64,32,64,96,128,3.5,300-7k,Aug2_17,,z:\Tanks\
32,"August 2, 2017",c:\users\scylla\Desktop\RZ2_192ch\DataTanks,Texture-170802-135853, ,3,VOC,96,,,RZ2-1,RZ2-1,RZ2-2,RZ2-2,RZ2-2,RZ2-2,xpz5,xpz5,xpz2,xpz2,xpz2,xpz2, ,32,64,32,64,96,128,3.5,300-7k,Aug2_17,,z:\Tanks\
,,,,,,,,,,,,,,,,,,,,,,,,,,,,,,,,, 
33,"August 4, 2017",c:\users\scylla\Desktop\RZ2_192ch\DataTanks,SAM-170804, ,1,BTextures,96, , ,RZ2-1,RZ2-1,RZ2-2,RZ2-2,RZ2-2,RZ2-2,xpz5,xpz5,xpz2,xpz2,xpz2,xpz2,Noise in room after one hour of recording,32,64,32,64,96,128,3.5,300-7k,Aug4_17,,z:\Tanks\
33,"August 4, 2017",c:\users\scylla\Desktop\RZ2_192ch\DataTanks,SAM-170804, ,2,BTextures,96,, ,RZ2-1,RZ2-1,RZ2-2,RZ2-2,RZ2-2,RZ2-2,xpz5,xpz5,xpz2,xpz2,xpz2,xpz2,Texture block will be 1 hour long max….,32,64,32,64,96,128,3.5,300-7k,Aug4_17,,z:\Tanks\
33,"August 4, 2017",c:\users\scylla\Desktop\RZ2_192ch\DataTanks,SAM-170804, ,3,BTextures,96,,,RZ2-1,RZ2-1,RZ2-2,RZ2-2,RZ2-2,RZ2-2,xpz5,xpz5,xpz2,xpz2,xpz2,xpz2,Stopped Sam was shaking too much…,32,64,32,64,96,128,3.5,300-7k,Aug4_17,,z:\Tanks\
,,,,,,,,,,,,,,,,,,,,,,,,,,,,,,,,, 
34,"August 7, 2017",c:\users\scylla\Desktop\RZ2_192ch\DataTanks,SAM-170807, ,1,Textures,96, , ,RZ2-1,RZ2-1,RZ2-2,RZ2-2,RZ2-2,RZ2-2,xpz5,xpz5,xpz2,xpz2,xpz2,xpz2,"Short block, shaking a lot",32,64,32,64,96,128,3.5,300-7k,Aug7_17,,z:\Tanks\
34,"August 7, 2017",c:\users\scylla\Desktop\RZ2_192ch\DataTanks,SAM-170807, ,2,STRF,96,, ,RZ2-1,RZ2-1,RZ2-2,RZ2-2,RZ2-2,RZ2-2,xpz5,xpz5,xpz2,xpz2,xpz2,xpz2,STRF+10min of spontaneous,32,64,32,64,96,128,3.5,300-7k,Aug7_17,,z:\Tanks\
34,"August 7, 2017",c:\users\scylla\Desktop\RZ2_192ch\DataTanks,SAM-170807, ,3,VOC,96,,,RZ2-1,RZ2-1,RZ2-2,RZ2-2,RZ2-2,RZ2-2,xpz5,xpz5,xpz2,xpz2,xpz2,xpz2,TDT told to connect external GND,32,64,32,64,96,128,3.5,300-7k,Aug7_17,,z:\Tanks\
,,,,,,,,,,,,,,,,,,,,,,,,,,,,,,,,, 
35,"August 9, 2017",c:\users\scylla\Desktop\RZ2_192ch\DataTanks,SAM-170809, ,1,Textures,96, , ,RZ2-1,RZ2-1,RZ2-2,RZ2-2,RZ2-2,RZ2-2,xpz5,xpz5,xpz2,xpz2,xpz2,xpz2,Unplugging all grounds just PZ% external ground to Ref from probe,32,64,32,64,96,128,3.5,300-7k,Aug9_17,,z:\Tanks\
35,"August 9, 2017",c:\users\scylla\Desktop\RZ2_192ch\DataTanks,SAM-170809, ,2,STRF,96,, ,RZ2-1,RZ2-1,RZ2-2,RZ2-2,RZ2-2,RZ2-2,xpz5,xpz5,xpz2,xpz2,xpz2,xpz2,Shaking a lot,32,64,32,64,96,128,3.5,300-7k,Aug9_17,,z:\Tanks\
35,"August 9, 2017",c:\users\scylla\Desktop\RZ2_192ch\DataTanks,SAM-170809, ,3,VOC,96,,,RZ2-1,RZ2-1,RZ2-2,RZ2-2,RZ2-2,RZ2-2,xpz5,xpz5,xpz2,xpz2,xpz2,xpz2,"Act in 1,10,17(64),  and 80,100, 125/128",32,64,32,64,96,128,3.5,300-7k,Aug9_17,,z:\Tanks\
,,,,,,,,,,,,,,,,,,,,,,,,,,,,,,,,, 
36,"August 11, 2017",c:\users\scylla\Desktop\RZ2_192ch\DataTanks,SAM-170811, ,1,Textures,96, , ,RZ2-1,RZ2-1,RZ2-2,RZ2-2,RZ2-2,RZ2-2,xpz5,xpz5,xpz2,xpz2,xpz2,xpz2, ,32,64,32,64,96,128,3.5,300-7k,Aug11_17,,z:\Tanks\
36,"August 11, 2017",c:\users\scylla\Desktop\RZ2_192ch\DataTanks,SAM-170811, ,2,STRF,96,, ,RZ2-1,RZ2-1,RZ2-2,RZ2-2,RZ2-2,RZ2-2,xpz5,xpz5,xpz2,xpz2,xpz2,xpz2,Shaking a lot,32,64,32,64,96,128,3.5,300-7k,Aug11_17,,z:\Tanks\
,,,,,,,,,,,,,,,,,,,,,,,,,,,,,,,,, 
37,"August 15, 2017",c:\users\scylla\Desktop\RZ2_192ch\DataTanks,SAM-170815, ,1,BAD,96,194,285,RZ2-1,RZ2-1,RZ2-2,RZ2-2,RZ2-2,RZ2-2,xpz5,xpz5,xpz2,xpz2,xpz2,xpz2,"External ground connected to the chamber, reduce noise to about 30mv",32,64,32,64,96,128,5,300-7k,Aug15_17,,z:\Tanks\
37,"August 15, 2017",c:\users\scylla\Desktop\RZ2_192ch\DataTanks,SAM-170815, ,2,Textures,96,, ,RZ2-1,RZ2-1,RZ2-2,RZ2-2,RZ2-2,RZ2-2,xpz5,xpz5,xpz2,xpz2,xpz2,xpz2,"stopped at 1:43, shaking a lot, there is about 40min in block one before session with Victor",32,64,32,64,96,128,5,300-7k,Aug15_17,,z:\Tanks\
37,"August 15, 2017",c:\users\scylla\Desktop\RZ2_192ch\DataTanks,SAM-170815, ,3,STRF,96,,,RZ2-1,RZ2-1,RZ2-2,RZ2-2,RZ2-2,RZ2-2,xpz5,xpz5,xpz2,xpz2,xpz2,xpz2,Block-1 before change in ground,32,64,32,64,96,128,5,300-7k,Aug15_17,,z:\Tanks\
37,"August 15, 2017",c:\users\scylla\Desktop\RZ2_192ch\DataTanks,SAM-170815,,4,VOC,96,,,RZ2-1,RZ2-1,RZ2-2,RZ2-2,RZ2-2,RZ2-2,xpz5,xpz5,xpz2,xpz2,xpz2,xpz2,,32,64,32,64,96,128,5,300-7k,Aug15_17,,z:\Tanks\
,,,,,,,,,,,,,,,,,,,,,,,,,,,,,,,,, 
38,"August 17, 2017",c:\users\scylla\Desktop\RZ2_192ch\DataTanks,SAM-170817, ,1,Textures,96, , ,RZ2-1,RZ2-1,RZ2-2,RZ2-2,RZ2-2,RZ2-2,xpz5,xpz5,xpz2,xpz2,xpz2,xpz2, ,32,64,32,64,96,128,3.5,300-7k,Aug17_17,,z:\Tanks\
38,"August 17, 2017",c:\users\scylla\Desktop\RZ2_192ch\DataTanks,SAM-170817, ,2,BAD,96,, ,RZ2-1,RZ2-1,RZ2-2,RZ2-2,RZ2-2,RZ2-2,xpz5,xpz5,xpz2,xpz2,xpz2,xpz2,"Shaking a lot stopped to give a treat, before restarting STRF",32,64,32,64,96,128,3.5,300-7k,Aug17_17,,z:\Tanks\
38,"August 17, 2017",c:\users\scylla\Desktop\RZ2_192ch\DataTanks,SAM-170817, ,3,STRF,96,, ,RZ2-1,RZ2-1,RZ2-2,RZ2-2,RZ2-2,RZ2-2,xpz5,xpz5,xpz2,xpz2,xpz2,xpz2, ,32,64,32,64,96,128,3.5,300-7k,Aug17_17,,z:\Tanks\
38,"August 17, 2017",c:\users\scylla\Desktop\RZ2_192ch\DataTanks,SAM-170817, ,4,VOC,96,,,RZ2-1,RZ2-1,RZ2-2,RZ2-2,RZ2-2,RZ2-2,xpz5,xpz5,xpz2,xpz2,xpz2,xpz2, ,32,64,32,64,96,128,3.5,300-7k,Aug17_17,,z:\Tanks\
,,,,,,,,,,,,,,,,,,,,,,,,,,,,,,,,, 
39,"August 18, 2017",c:\users\scylla\Desktop\RZ2_192ch\DataTanks,SAM-170818, ,1,Textures,96,155,646,RZ2-1,RZ2-1,RZ2-2,RZ2-2,RZ2-2,RZ2-2,xpz5,xpz5,xpz2,xpz2,xpz2,xpz2, ,32,64,32,64,96,128,3.5,300-7k,Aug18_17,,z:\Tanks\
39,"August 18, 2017",c:\users\scylla\Desktop\RZ2_192ch\DataTanks,SAM-170818, ,2,STRF,96,, ,RZ2-1,RZ2-1,RZ2-2,RZ2-2,RZ2-2,RZ2-2,xpz5,xpz5,xpz2,xpz2,xpz2,xpz2, ,32,64,32,64,96,128,3.5,300-7k,Aug18_17,,z:\Tanks\
39,"August 18, 2017",c:\users\scylla\Desktop\RZ2_192ch\DataTanks,SAM-170818, ,3,VOC,96,, ,RZ2-1,RZ2-1,RZ2-2,RZ2-2,RZ2-2,RZ2-2,xpz5,xpz5,xpz2,xpz2,xpz2,xpz2, ,32,64,32,64,96,128,3.5,300-7k,Aug18_17,,z:\Tanks\
,,,,,,,,,,,,,,,,,,,,,,,,,,,,,,,,, 
40,"August 24, 2017",c:\users\scylla\Desktop\RZ2_192ch\DataTanks,SAM-170824, ,1,Textures,96,150,214,RZ2-1,RZ2-1,RZ2-2,RZ2-2,RZ2-2,RZ2-2,xpz5,xpz5,xpz2,xpz2,xpz2,xpz2, ,32,64,32,64,96,128,3.5,300-7k,Aug24_17,,z:\Tanks\
40,"August 24, 2017",c:\users\scylla\Desktop\RZ2_192ch\DataTanks,SAM-170824, ,2,STRF,96,, ,RZ2-1,RZ2-1,RZ2-2,RZ2-2,RZ2-2,RZ2-2,xpz5,xpz5,xpz2,xpz2,xpz2,xpz2, ,32,64,32,64,96,128,3.5,300-7k,Aug24_17,,z:\Tanks\
40,"August 24, 2017",c:\users\scylla\Desktop\RZ2_192ch\DataTanks,SAM-170824, ,3,VOC,96,, ,RZ2-1,RZ2-1,RZ2-2,RZ2-2,RZ2-2,RZ2-2,xpz5,xpz5,xpz2,xpz2,xpz2,xpz2, ,32,64,32,64,96,128,3.5,300-7k,Aug24_17,,z:\Tanks\
,,,,,,,,,,,,,,,,,,,,,,,,,,,,,,,,, 
41,"August 29, 2017",c:\users\scylla\Desktop\RZ2_192ch\DataTanks,SAM-170829, ,1,Textures,96,53,176,RZ2-1,RZ2-1,RZ2-2,RZ2-2,RZ2-2,RZ2-2,xpz5,xpz5,xpz2,xpz2,xpz2,xpz2,"Only run him on the NS, for about 1 hour",32,64,32,64,96,128,3.5,300-7k,Aug29_17,,z:\Tanks\
41,"August 29, 2017",c:\users\scylla\Desktop\RZ2_192ch\DataTanks,SAM-170829, ,2,STRF,96,, ,RZ2-1,RZ2-1,RZ2-2,RZ2-2,RZ2-2,RZ2-2,xpz5,xpz5,xpz2,xpz2,xpz2,xpz2, ,32,64,32,64,96,128,3.5,300-7k,Aug29_17,,z:\Tanks\
41,"August 29, 2017",c:\users\scylla\Desktop\RZ2_192ch\DataTanks,SAM-170829, ,3,VOC,96,, ,RZ2-1,RZ2-1,RZ2-2,RZ2-2,RZ2-2,RZ2-2,xpz5,xpz5,xpz2,xpz2,xpz2,xpz2, ,32,64,32,64,96,128,3.5,300-7k,Aug29_17,,z:\Tanks\
,,,,,,,,,,,,,,,,,,,,,,,,,,,,,,,,, 
42,"September 11, 2017",c:\users\scylla\Desktop\RZ2_192ch\DataTanks,SAM-170911, ,1,Textures,96,53,176,RZ2-1,RZ2-1,RZ2-2,RZ2-2,RZ2-2,RZ2-2,xpz5,xpz5,xpz2,xpz2,xpz2,xpz2,Joystick was not working,32,64,32,64,96,128,3.5,300-7k,sep11_17,,z:\Tanks\
42,"September 11, 2017",c:\users\scylla\Desktop\RZ2_192ch\DataTanks,SAM-170911, ,2,STRF,96,, ,RZ2-1,RZ2-1,RZ2-2,RZ2-2,RZ2-2,RZ2-2,xpz5,xpz5,xpz2,xpz2,xpz2,xpz2, ,32,64,32,64,96,128,3.5,300-7k,sep11_17,,z:\Tanks\
,,,,,,,,,,,,,,,,,,,,,,,,,,,,,,,,, 
,,,,,,,,,,,,,,,,,,,,,,,,,,,,,,,,, 
43,"September 13, 2017",c:\users\scylla\Desktop\RZ2_192ch\DataTanks,SAM-170913, ,1,BAD,96,53,176,RZ2-1,RZ2-1,RZ2-2,RZ2-2,RZ2-2,RZ2-2,xpz5,xpz5,xpz2,xpz2,xpz2,xpz2, ,32,64,32,64,96,128,3.5,300-7k,sep13_17b,,z:\Tanks\
43,"September 13, 2017",c:\users\scylla\Desktop\RZ2_192ch\DataTanks,SAM-170913, ,2,STRF,96,, ,RZ2-1,RZ2-1,RZ2-2,RZ2-2,RZ2-2,RZ2-2,xpz5,xpz5,xpz2,xpz2,xpz2,xpz2, ,32,64,32,64,96,128,3.5,300-7k,sep13_17b,,z:\Tanks\
43,"September 13, 2017",c:\users\scylla\Desktop\RZ2_192ch\DataTanks,SAM-170913, ,3,Textures,96,, ,RZ2-1,RZ2-1,RZ2-2,RZ2-2,RZ2-2,RZ2-2,xpz5,xpz5,xpz2,xpz2,xpz2,xpz2, ,32,64,32,64,96,128,3.5,300-7k,sep13_17b,,z:\Tanks\
43,"September 13, 2017",c:\users\scylla\Desktop\RZ2_192ch\DataTanks,SAM-170913, ,3,VOC,96,, ,RZ2-1,RZ2-1,RZ2-2,RZ2-2,RZ2-2,RZ2-2,xpz5,xpz5,xpz2,xpz2,xpz2,xpz2,30 sounds 4S intersound 10 reps,32,64,32,64,96,128,3.5,300-7k,sep13_17b,,z:\Tanks\
,,,,,,,,,,,,,,,,,,,,,,,,,,,,,,,,, 
44,"September 19, 2017",c:\users\scylla\Desktop\RZ2_192ch\DataTanks,SAM-170919, ,1,Textures,96,53,176,RZ2-1,RZ2-1,RZ2-2,RZ2-2,RZ2-2,RZ2-2,xpz5,xpz5,xpz2,xpz2,xpz2,xpz2,"Only run him on the NS, for about 1 hour",32,64,32,64,96,128,3.5,300-7k,Sep19_17,,z:\Tanks\
44,"September 19, 2017",c:\users\scylla\Desktop\RZ2_192ch\DataTanks,SAM-170919, ,2,STRF,96,, ,RZ2-1,RZ2-1,RZ2-2,RZ2-2,RZ2-2,RZ2-2,xpz5,xpz5,xpz2,xpz2,xpz2,xpz2, ,32,64,32,64,96,128,3.5,300-7k,Sep19_17,,z:\Tanks\
,,,,,,,,,,,,,,,,,,,,,,,,,,,,,,,,, 
45,"September 27, 2017",c:\users\scylla\Desktop\RZ2_192ch\DataTanks,SAM-170927, ,1,BAD,96,53,176,RZ2-1,RZ2-1,RZ2-2,RZ2-2,RZ2-2,RZ2-2,xpz5,xpz5,xpz2,xpz2,xpz2,xpz2,"TDT system crashed, had to put Sam back",32,64,32,64,96,128,3.5,300-7k,Sep27_17,,z:\Tanks\
,,,,,,,,,,,,,,,,,,,,,,,,,,,,,,,,, 
46,"September 28, 2017",c:\users\scylla\Desktop\RZ2_192ch\DataTanks,SAM-170928, ,1,BAD,96,53,176,RZ2-1,RZ2-1,RZ2-2,RZ2-2,RZ2-2,RZ2-2,xpz5,xpz5,xpz2,xpz2,xpz2,xpz2,Matlab crashed,32,64,32,64,96,128,3.5,300-7k,Sep28_17,,z:\Tanks\
46,"September 28, 2017",c:\users\scylla\Desktop\RZ2_192ch\DataTanks,SAM-170928, ,2,STRF,96,, ,RZ2-1,RZ2-1,RZ2-2,RZ2-2,RZ2-2,RZ2-2,xpz5,xpz5,xpz2,xpz2,xpz2,xpz2,Electrode moved .9mm,32,64,32,64,96,128,3.5,300-7k,Sep28_17,,z:\Tanks\
,,,,,,,,,,,,,,,,,,,,,,,,,,,,,,,,, 
47,"September 29, 2017",c:\users\scylla\Desktop\RZ2_192ch\DataTanks,SAM-170929, ,1,BAD,96, , ,RZ2-1,RZ2-1,RZ2-2,RZ2-2,RZ2-2,RZ2-2,xpz5,xpz5,xpz2,xpz2,xpz2,xpz2,Matlab crashed,32,64,32,64,96,128,3.5,300-7k,Sep29_17,,z:\Tanks\
47,"September 29, 2017",c:\users\scylla\Desktop\RZ2_192ch\DataTanks,SAM-170929, ,2,Textures,96,, ,RZ2-1,RZ2-1,RZ2-2,RZ2-2,RZ2-2,RZ2-2,xpz5,xpz5,xpz2,xpz2,xpz2,xpz2,,32,64,32,64,96,128,3.5,300-7k,Sep29_17,,z:\Tanks\
47,"September 29, 2017",c:\users\scylla\Desktop\RZ2_192ch\DataTanks,SAM-170929, ,3,STRF,96, , ,RZ2-1,RZ2-1,RZ2-2,RZ2-2,RZ2-2,RZ2-2,xpz5,xpz5,xpz2,xpz2,xpz2,xpz2, ,32,64,32,64,96,128,3.5,300-7k,Sep29_17,,z:\Tanks\
,,,,,,,,,,,,,,,,,,,,,,,,,,,,,,,,, 
48,"October 4, 2017",c:\users\scylla\Desktop\RZ2_192ch\DataTanks,SAM-171004, ,1,Textures,96, , ,RZ2-1,RZ2-1,RZ2-2,RZ2-2,RZ2-2,RZ2-2,xpz5,xpz5,xpz2,xpz2,xpz2,xpz2, ,32,64,32,64,96,128,3.5,300-7k,Oct4_17,,z:\Tanks\
48,"October 4, 2017",c:\users\scylla\Desktop\RZ2_192ch\DataTanks,SAM-171004, ,2,STRF,96,, ,RZ2-1,RZ2-1,RZ2-2,RZ2-2,RZ2-2,RZ2-2,xpz5,xpz5,xpz2,xpz2,xpz2,xpz2,,32,64,32,64,96,128,3.5,300-7k,Oct4_17,,z:\Tanks\
48,"October 4, 2017",c:\users\scylla\Desktop\RZ2_192ch\DataTanks,SAM-171004, ,3,VOC,96, , ,RZ2-1,RZ2-1,RZ2-2,RZ2-2,RZ2-2,RZ2-2,xpz5,xpz5,xpz2,xpz2,xpz2,xpz2, ,32,64,32,64,96,128,3.5,300-7k,Oct4_17,,z:\Tanks\
,,,,,,,,,,,,,,,,,,,,,,,,,,,,,,,,, 
49,"October 11, 2017",c:\users\scylla\Desktop\RZ2_192ch\DataTanks,SAM-171011, ,1,BAD,96, , ,RZ2-1,RZ2-1,RZ2-2,RZ2-2,RZ2-2,RZ2-2,xpz5,xpz5,xpz2,xpz2,xpz2,xpz2, ,32,64,32,64,96,128,3.5,300-7k, ,,z:\Tanks\
49,"October 11, 2017",c:\users\scylla\Desktop\RZ2_192ch\DataTanks,SAM-171011, ,2,STRF,96,, ,RZ2-1,RZ2-1,RZ2-2,RZ2-2,RZ2-2,RZ2-2,xpz5,xpz5,xpz2,xpz2,xpz2,xpz2,,32,64,32,64,96,128,3.5,300-7k, ,,z:\Tanks\
49,"October 11, 2017",c:\users\scylla\Desktop\RZ2_192ch\DataTanks,SAM-171011, ,3,STRF,96, , ,RZ2-1,RZ2-1,RZ2-2,RZ2-2,RZ2-2,RZ2-2,xpz5,xpz5,xpz2,xpz2,xpz2,xpz2, ,32,64,32,64,96,128,3.5,300-7k, ,,z:\Tanks\
49,"October 11, 2017",c:\users\scylla\Desktop\RZ2_192ch\DataTanks,SAM-171011,,4,VOC,96, , ,RZ2-1,RZ2-1,RZ2-2,RZ2-2,RZ2-2,RZ2-2,xpz5,xpz5,xpz2,xpz2,xpz2,xpz2, ,32,64,32,64,96,128,3.5,300-7k, ,,z:\Tanks\
49,"October 11, 2017",c:\users\scylla\Desktop\RZ2_192ch\DataTanks,SAM-171011,,5,STRF,96, , ,RZ2-1,RZ2-1,RZ2-2,RZ2-2,RZ2-2,RZ2-2,xpz5,xpz5,xpz2,xpz2,xpz2,xpz2, ,32,64,32,64,96,128,3.5,300-7k, ,,z:\Tanks\
49,"October 11, 2017",c:\users\scylla\Desktop\RZ2_192ch\DataTanks,SAM-171011,,6,STRF,96, , ,RZ2-1,RZ2-1,RZ2-2,RZ2-2,RZ2-2,RZ2-2,xpz5,xpz5,xpz2,xpz2,xpz2,xpz2,double,32,64,32,64,96,128,3.5,300-7k, ,,z:\Tanks\
,,,,,,,,,,,,,,,,,,,,,,,,,,,,,,,,, 
50,"October 12, 2017",c:\users\scylla\Desktop\RZ2_192ch\DataTanks,SAM-171012, ,1,Textures,96,91,397,RZ2-1,RZ2-1,RZ2-2,RZ2-2,RZ2-2,RZ2-2,xpz5,xpz5,xpz2,xpz2,xpz2,xpz2,New sound card,32,64,32,64,96,128,3.5,300-7k, ,,z:\Tanks\
50,"October 12, 2017",c:\users\scylla\Desktop\RZ2_192ch\DataTanks,SAM-171011, ,2,STRF,96,, ,RZ2-1,RZ2-1,RZ2-2,RZ2-2,RZ2-2,RZ2-2,xpz5,xpz5,xpz2,xpz2,xpz2,xpz2,,32,64,32,64,96,128,3.5,300-7k, ,,z:\Tanks\
50,"October 12, 2017",c:\users\scylla\Desktop\RZ2_192ch\DataTanks,SAM-171011, ,3,VOC,96, , ,RZ2-1,RZ2-1,RZ2-2,RZ2-2,RZ2-2,RZ2-2,xpz5,xpz5,xpz2,xpz2,xpz2,xpz2, ,32,64,32,64,96,128,3.5,300-7k, ,,z:\Tanks\
50,"October 12, 2017",c:\users\scylla\Desktop\RZ2_192ch\DataTanks,SAM-171011, ,4,CLICKS,96, , ,RZ2-1,RZ2-1,RZ2-2,RZ2-2,RZ2-2,RZ2-2,xpz5,xpz5,xpz2,xpz2,xpz2,xpz2, ,32,64,32,64,96,128,3.5,300-7k, ,,z:\Tanks\
,,,,,,,,,,,,,,,,,,,,,,,,,,,,,,,,, 
51,"October 13, 2017",c:\users\scylla\Desktop\RZ2_192ch\DataTanks,SAM-171013, ,1,Clicks,96, , ,RZ2-1,RZ2-1,RZ2-2,RZ2-2,RZ2-2,RZ2-2,xpz5,xpz5,xpz2,xpz2,xpz2,xpz2,3 reps,32,64,32,64,96,128,3.5,300-7k, ,,z:\Tanks\
51,"October 13, 2017",c:\users\scylla\Desktop\RZ2_192ch\DataTanks,SAM-171013, ,2,STRF,96,, ,RZ2-1,RZ2-1,RZ2-2,RZ2-2,RZ2-2,RZ2-2,xpz5,xpz5,xpz2,xpz2,xpz2,xpz2,Double,32,64,32,64,96,128,3.5,300-7k, ,,z:\Tanks\
51,"October 13, 2017",c:\users\scylla\Desktop\RZ2_192ch\DataTanks,SAM-171013, ,3,Textures,96, , ,RZ2-1,RZ2-1,RZ2-2,RZ2-2,RZ2-2,RZ2-2,xpz5,xpz5,xpz2,xpz2,xpz2,xpz2, ,32,64,32,64,96,128,3.5,300-7k, ,,z:\Tanks\
51,"October 13, 2017",c:\users\scylla\Desktop\RZ2_192ch\DataTanks,SAM-171013, ,4,Clicks,96, , ,RZ2-1,RZ2-1,RZ2-2,RZ2-2,RZ2-2,RZ2-2,xpz5,xpz5,xpz2,xpz2,xpz2,xpz2, ,32,64,32,64,96,128,3.5,300-7k, ,,z:\Tanks\
51,"October 13, 2017",c:\users\scylla\Desktop\RZ2_192ch\DataTanks,SAM-171013,,5,STRF,96, , ,RZ2-1,RZ2-1,RZ2-2,RZ2-2,RZ2-2,RZ2-2,xpz5,xpz5,xpz2,xpz2,xpz2,xpz2,"moved to -3, seems to respond to STRF, and clicks.",32,64,32,64,96,128,3.5,300-7k,,,z:\Tanks\
51,"October 13, 2017",c:\users\scylla\Desktop\RZ2_192ch\DataTanks,SAM-171013,,6,Clicks,96, , ,RZ2-1,RZ2-1,RZ2-2,RZ2-2,RZ2-2,RZ2-2,xpz5,xpz5,xpz2,xpz2,xpz2,xpz2,3:20 to 3:40 block…,32,64,32,64,96,128,3.5,300-7k,,,z:\Tanks\
,,,,,,,,,,,,,,,,,,,,,,,,,,,,,,,,, 
52,"October 15, 2017",c:\users\scylla\Desktop\RZ2_192ch\DataTanks,SAM-171015,,1,Clicks,96, , ,RZ2-1,RZ2-1,RZ2-2,RZ2-2,RZ2-2,RZ2-2,xpz5,xpz5,xpz2,xpz2,xpz2,xpz2,Clikcs are ramdomized 10 reps,32,64,32,64,96,128,3.5,300-7k,,,z:\Tanks\
52,"October 15, 2017",c:\users\scylla\Desktop\RZ2_192ch\DataTanks,SAM-171015,,2,STRF,96, , ,RZ2-1,RZ2-1,RZ2-2,RZ2-2,RZ2-2,RZ2-2,xpz5,xpz5,xpz2,xpz2,xpz2,xpz2, ,32,64,32,64,96,128,3.5,300-7k,,,z:\Tanks\
52,"October 15, 2017",c:\users\scylla\Desktop\RZ2_192ch\DataTanks,SAM-171015,,3,Clicks,96, , ,RZ2-1,RZ2-1,RZ2-2,RZ2-2,RZ2-2,RZ2-2,xpz5,xpz5,xpz2,xpz2,xpz2,xpz2, ,32,64,32,64,96,128,3.5,300-7k,,,z:\Tanks\
,,,,,,,,,,,,,,,,,,,,,,,,,,,,,,,,, 
53,"October 17, 2017",c:\users\scylla\Desktop\RZ2_192ch\DataTanks,SAM-171017,,1,Textures,96, , ,RZ2-1,RZ2-1,RZ2-2,RZ2-2,RZ2-2,RZ2-2,xpz5,xpz5,xpz2,xpz2,xpz2,xpz2,1-10 trials tdt wasn't updating display,32,64,32,64,96,128,3.5,300-7k,,,z:\Tanks\
53,"October 17, 2017",c:\users\scylla\Desktop\RZ2_192ch\DataTanks,SAM-171017,,2,Textures,96, , ,RZ2-1,RZ2-1,RZ2-2,RZ2-2,RZ2-2,RZ2-2,xpz5,xpz5,xpz2,xpz2,xpz2,xpz2,11 and after,32,64,32,64,96,128,3.5,300-7k,,,z:\Tanks\
53,"October 17, 2017",c:\users\scylla\Desktop\RZ2_192ch\DataTanks,SAM-171017,,3,STRF,96, , ,RZ2-1,RZ2-1,RZ2-2,RZ2-2,RZ2-2,RZ2-2,xpz5,xpz5,xpz2,xpz2,xpz2,xpz2,double,32,64,32,64,96,128,3.5,300-7k,,,z:\Tanks\
53,"October 17, 2017",c:\users\scylla\Desktop\RZ2_192ch\DataTanks,SAM-171017,,4,Clicks,96,,,RZ2-1,RZ2-1,RZ2-2,RZ2-2,RZ2-2,RZ2-2,xpz5,xpz5,xpz2,xpz2,xpz2,xpz2,10,32,64,32,64,96,128,3.5,300-7k,,,z:\Tanks\
53,"October 17, 2017",c:\users\scylla\Desktop\RZ2_192ch\DataTanks,SAM-171017,,5,sam_noise10,96,,,RZ2-1,RZ2-1,RZ2-2,RZ2-2,RZ2-2,RZ2-2,xpz5,xpz5,xpz2,xpz2,xpz2,xpz2, ,32,64,32,64,96,128,3.5,300-7k,,,z:\Tanks\
53,"October 17, 2017",c:\users\scylla\Desktop\RZ2_192ch\DataTanks,SAM-171017,,6,sam_noise100,96,,,RZ2-1,RZ2-1,RZ2-2,RZ2-2,RZ2-2,RZ2-2,xpz5,xpz5,xpz2,xpz2,xpz2,xpz2, ,32,64,32,64,96,128,3.5,300-7k,,,z:\Tanks\
,,,,,,,,,,,,,,,,,,,,,,,,,,,,,,,,, 
54,"October 18, 2017",c:\users\scylla\Desktop\RZ2_192ch\DataTanks,SAM-171018,,1,Textures,96, , ,RZ2-1,RZ2-1,RZ2-2,RZ2-2,RZ2-2,RZ2-2,xpz5,xpz5,xpz2,xpz2,xpz2,xpz2,430 trials,32,64,32,64,96,128,3.5,300-7k,,,z:\Tanks\
54,"October 18, 2017",c:\users\scylla\Desktop\RZ2_192ch\DataTanks,SAM-171018,,2,STRF,96, , ,RZ2-1,RZ2-1,RZ2-2,RZ2-2,RZ2-2,RZ2-2,xpz5,xpz5,xpz2,xpz2,xpz2,xpz2,11 and after,32,64,32,64,96,128,3.5,300-7k,,,z:\Tanks\
54,"October 18, 2017",c:\users\scylla\Desktop\RZ2_192ch\DataTanks,SAM-171018,,3,VOC,96, , ,RZ2-1,RZ2-1,RZ2-2,RZ2-2,RZ2-2,RZ2-2,xpz5,xpz5,xpz2,xpz2,xpz2,xpz2,double,32,64,32,64,96,128,3.5,300-7k,,,z:\Tanks\
54,"October 18, 2017",c:\users\scylla\Desktop\RZ2_192ch\DataTanks,SAM-171018,,4,noise@100,96,,,RZ2-1,RZ2-1,RZ2-2,RZ2-2,RZ2-2,RZ2-2,xpz5,xpz5,xpz2,xpz2,xpz2,xpz2,10,32,64,32,64,96,128,3.5,300-7k,,,z:\Tanks\
54,"October 18, 2017",c:\users\scylla\Desktop\RZ2_192ch\DataTanks,SAM-171018,,5,noise@100,96,,,RZ2-1,RZ2-1,RZ2-2,RZ2-2,RZ2-2,RZ2-2,xpz5,xpz5,xpz2,xpz2,xpz2,xpz2,10,32,64,32,64,96,128,3.5,300-7k,,,z:\Tanks\
54,"October 18, 2017",c:\users\scylla\Desktop\RZ2_192ch\DataTanks,SAM-171018,,6,clic_trig,96,,,RZ2-1,RZ2-1,RZ2-2,RZ2-2,RZ2-2,RZ2-2,xpz5,xpz5,xpz2,xpz2,xpz2,xpz2,10,32,64,32,64,96,128,3.5,300-7k,,,z:\Tanks\
,,,,,,,,,,,,,,,,,,,,,,,,,,,,,,,,, 
55,"October 25, 2017",c:\users\scylla\Desktop\RZ2_192ch\DataTanks,SAM-171025,,1,BAD,96, , ,RZ2-1,RZ2-1,RZ2-2,RZ2-2,RZ2-2,RZ2-2,xpz5,xpz5,xpz2,xpz2,xpz2,xpz2,no apparent auditory response,32,64,32,64,96,128,3.5,300-7k,,,z:\Tanks\
55,"October 25, 2017",c:\users\scylla\Desktop\RZ2_192ch\DataTanks,SAM-171025,,2,STRF,96, , ,RZ2-1,RZ2-1,RZ2-2,RZ2-2,RZ2-2,RZ2-2,xpz5,xpz5,xpz2,xpz2,xpz2,xpz2,no apparent auditory response,32,64,32,64,96,128,3.5,300-7k,,,z:\Tanks\
55,"October 25, 2017",c:\users\scylla\Desktop\RZ2_192ch\DataTanks,SAM-171025,,3,STRF,96, , ,RZ2-1,RZ2-1,RZ2-2,RZ2-2,RZ2-2,RZ2-2,xpz5,xpz5,xpz2,xpz2,xpz2,xpz2,no apparent auditory response,32,64,32,64,96,128,3.5,300-7k,,,z:\Tanks\
55,"October 25, 2017",c:\users\scylla\Desktop\RZ2_192ch\DataTanks,SAM-171025,,4,STRF,96,,,RZ2-1,RZ2-1,RZ2-2,RZ2-2,RZ2-2,RZ2-2,xpz5,xpz5,xpz2,xpz2,xpz2,xpz2,moved,32,64,32,64,96,128,3.5,300-7k,,,z:\Tanks\
55,"October 25, 2017",c:\users\scylla\Desktop\RZ2_192ch\DataTanks,SAM-171025,,5,clic_trig,96,,,RZ2-1,RZ2-1,RZ2-2,RZ2-2,RZ2-2,RZ2-2,xpz5,xpz5,xpz2,xpz2,xpz2,xpz2,no apparent auditory response,32,64,32,64,96,128,3.5,300-7k,,,z:\Tanks\
55,"October 25, 2017",c:\users\scylla\Desktop\RZ2_192ch\DataTanks,SAM-171025,,6,noise 100mod,96,,,RZ2-1,RZ2-1,RZ2-2,RZ2-2,RZ2-2,RZ2-2,xpz5,xpz5,xpz2,xpz2,xpz2,xpz2,no apparent auditory response,32,64,32,64,96,128,3.5,300-7k,,,z:\Tanks\
55,"October 25, 2017",c:\users\scylla\Desktop\RZ2_192ch\DataTanks,SAM-171025,,7,strf,96,,,RZ2-1,RZ2-1,RZ2-2,RZ2-2,RZ2-2,RZ2-2,xpz5,xpz5,xpz2,xpz2,xpz2,xpz2,no apparent auditory response,32,64,32,64,96,128,3.5,300-7k,,,z:\Tanks\
,,,,,,,,,,,,,,,,,,,,,,,,,,,,,,,,, 
56,"October 26, 2017",c:\users\scylla\Desktop\RZ2_192ch\DataTanks,SAM-171025,,1,BAD,96, , ,RZ2-1,RZ2-1,RZ2-2,RZ2-2,RZ2-2,RZ2-2,xpz5,xpz5,xpz2,xpz2,xpz2,xpz2,"no apparent auditory response, didn't record",32,64,32,64,96,128,3.5,300-7k,,,z:\Tanks\
,,,,,,,,,,,,,,,,,,,,,,,,,,,,,,,,, 
57,"October 27, 2017",c:\users\scylla\Desktop\RZ2_192ch\DataTanks,SAM-171027,,1,STRF,96, , ,RZ2-1,RZ2-1,RZ2-2,RZ2-2,RZ2-2,RZ2-2,xpz5,xpz5,xpz2,xpz2,xpz2,xpz2,ch25 eNeu,32,64,32,64,96,128,3.5,300-7k,,,z:\Tanks\
57,"October 27, 2017",c:\users\scylla\Desktop\RZ2_192ch\DataTanks,SAM-171027,,2,Texture,96, , ,RZ2-1,RZ2-1,RZ2-2,RZ2-2,RZ2-2,RZ2-2,xpz5,xpz5,xpz2,xpz2,xpz2,xpz2,moved at the beginning,32,64,32,64,96,128,3.5,300-7k,,,z:\Tanks\
,,,,,,,,,,,,,,,,,,,,,,,,,,,,,,,,,
,,,,,,,,,,,,,,,,,,,,,,,,,,,,,,,,,
58,"November 3, 2017",c:\users\scylla\Desktop\RZ2_192ch\DataTanks,SLy-171103,,1,test,96, , ,RZ2-1,RZ2-1,RZ2-2,RZ2-2,RZ2-2,RZ2-2,xpz5,xpz5,xpz2,xpz2,xpz2,xpz2,Saved as Sly by mistake,32,64,32,64,96,128,3.5,300-7k,,,d:\SpikeSortingPipeline\Tanks
58,"November 3, 2017",c:\users\scylla\Desktop\RZ2_192ch\DataTanks,SLy-171103,,2,click_trig,96, , ,RZ2-1,RZ2-1,RZ2-2,RZ2-2,RZ2-2,RZ2-2,xpz5,xpz5,xpz2,xpz2,xpz2,xpz2,56 trial,32,64,32,64,96,128,3.5,300-7k,,,d:\SpikeSortingPipeline\Tanks
58,"November 3, 2017",c:\users\scylla\Desktop\RZ2_192ch\DataTanks,SLy-171103,,3,STRF,96, , ,RZ2-1,RZ2-1,RZ2-2,RZ2-2,RZ2-2,RZ2-2,xpz5,xpz5,xpz2,xpz2,xpz2,xpz2, ,32,64,32,64,96,128,3.5,300-7k,,,d:\SpikeSortingPipeline\Tanks
,,,,,,,,,,,,,,,,,,,,,,,,,,,,,,,,, 
59,"November 7, 2017",c:\users\scylla\Desktop\RZ2_192ch\DataTanks,SLY-171107,,1,STRF,96, , ,RZ2-1,RZ2-1,RZ2-2,RZ2-2,RZ2-2,RZ2-2,xpz5,xpz5,xpz2,xpz2,xpz2,xpz2,Saved as Sly by mistake,32,64,32,64,96,128,3.5,300-7k,,,d:\SpikeSortingPipeline\Tanks
59,"November 7, 2017",c:\users\scylla\Desktop\RZ2_192ch\DataTanks,SLY-171107,,2,Texture,96, , ,RZ2-1,RZ2-1,RZ2-2,RZ2-2,RZ2-2,RZ2-2,xpz5,xpz5,xpz2,xpz2,xpz2,xpz2, ,32,64,32,64,96,128,3.5,300-7k,,,d:\SpikeSortingPipeline\Tanks
,,,,,,,,,,,,,,,,,,,,,,,,,,,,,,,,, 
60,"November 8, 2017",c:\users\scylla\Desktop\RZ2_192ch\DataTanks,SLY-171108,,1,STRF,96, , ,RZ2-1,RZ2-1,RZ2-2,RZ2-2,RZ2-2,RZ2-2,xpz5,xpz5,xpz2,xpz2,xpz2,xpz2, ,32,64,32,64,96,128,3.5,300-7k,,,d:\SpikeSortingPipeline\Tanks
60,"November 8, 2017",c:\users\scylla\Desktop\RZ2_192ch\DataTanks,SLY-171108,,2,clicks,96, , ,RZ2-1,RZ2-1,RZ2-2,RZ2-2,RZ2-2,RZ2-2,xpz5,xpz5,xpz2,xpz2,xpz2,xpz2, ,32,64,32,64,96,128,3.5,300-7k,,,d:\SpikeSortingPipeline\Tanks
,,,,,,,,,,,,,,,,,,,,,,,,,,,,,,,,, 
61,"November 16, 2017",c:\users\scylla\Desktop\RZ2_192ch\DataTanks,SAM-171116,,1,STRF,96, , ,RZ2-1,RZ2-1,RZ2-2,RZ2-2,RZ2-2,RZ2-2,xpz5,xpz5,xpz2,xpz2,xpz2,xpz2, ,32,64,32,64,96,128,3.5,300-7k,,,d:\SpikeSortingPipeline\Tanks
,,,,,,,,,,,,,,,,,,,,,,,,,,,,,,,,, 
62,"November 22, 2017",c:\users\scylla\Desktop\RZ2_192ch\DataTanks,SAM-171122,,1,STRF,96, , ,RZ2-1,RZ2-1,RZ2-2,RZ2-2,RZ2-2,RZ2-2,xpz5,xpz5,xpz2,xpz2,xpz2,xpz2,Seem to be response,32,64,32,64,96,128,3.5,300-7k,,,d:\SpikeSortingPipeline\Tanks
,,,,,,,,,,,,,,,,,,,,,,,,,,,,,,,,, 
63,"December 5, 2017",c:\users\scylla\Desktop\RZ2_192ch\DataTanks,SAM-171205,,1,Textures,96, , ,RZ2-1,RZ2-1,RZ2-2,RZ2-2,RZ2-2,RZ2-2,xpz5,xpz5,xpz2,xpz2,xpz2,xpz2, ,32,64,32,64,96,128,3.5,300-7k,,,d:\SpikeSortingPipeline\Tanks
63,"December 5, 2017",c:\users\scylla\Desktop\RZ2_192ch\DataTanks,SAM-171205,,2,STRF,96, , ,RZ2-1,RZ2-1,RZ2-2,RZ2-2,RZ2-2,RZ2-2,xpz5,xpz5,xpz2,xpz2,xpz2,xpz2, ,32,64,32,64,96,128,3.5,300-7k,,,d:\SpikeSortingPipeline\Tanks
,,,,,,,,,,,,,,,,,,,,,,,,,,,,,,,,, 
64,"December 7, 2017",c:\users\scylla\Desktop\RZ2_192ch\DataTanks,SAM-171207,,1,STRF,96, , ,RZ2-1,RZ2-1,RZ2-2,RZ2-2,RZ2-2,RZ2-2,xpz5,xpz5,xpz2,xpz2,xpz2,xpz2, ,32,64,32,64,96,128,3.5,300-7k,,,d:\SpikeSortingPipeline\Tanks
64,"December 7, 2017",c:\users\scylla\Desktop\RZ2_192ch\DataTanks,SAM-171207,,2,STRF,96, , ,RZ2-1,RZ2-1,RZ2-2,RZ2-2,RZ2-2,RZ2-2,xpz5,xpz5,xpz2,xpz2,xpz2,xpz2,diff ground,32,64,32,64,96,128,3.5,300-7k,,,d:\SpikeSortingPipeline\Tanks
,,,,,,,,,,,,,,,,,,,,,,,,,,,,,,,,, 
65,"December 19, 2017",c:\users\scylla\Desktop\RZ2_192ch\DataTanks,SAM-171219,,1,Textures,96, , ,RZ2-1,RZ2-1,RZ2-2,RZ2-2,RZ2-2,RZ2-2,xpz5,xpz5,xpz2,xpz2,xpz2,xpz2, ,32,64,32,64,96,128,3.5,300-7k,,,d:\SpikeSortingPipeline\Tanks
65,"December 19, 2017",c:\users\scylla\Desktop\RZ2_192ch\DataTanks,SAM-171219,,2,STRF,96, , ,RZ2-1,RZ2-1,RZ2-2,RZ2-2,RZ2-2,RZ2-2,xpz5,xpz5,xpz2,xpz2,xpz2,xpz2, ,32,64,32,64,96,128,3.5,300-7k,,,d:\SpikeSortingPipeline\Tanks
,,,,,,,,,,,,,,,,,,,,,,,,,,,,,,,,, 
66,"December 20, 2017",c:\users\scylla\Desktop\RZ2_192ch\DataTanks,SAM-171220,,1,Textures,96, , ,RZ2-1,RZ2-1,RZ2-2,RZ2-2,RZ2-2,RZ2-2,xpz5,xpz5,xpz2,xpz2,xpz2,xpz2, ,32,64,32,64,96,128,3.5,300-7k,,,d:\SpikeSortingPipeline\Tanks
66,"December 20, 2017",c:\users\scylla\Desktop\RZ2_192ch\DataTanks,SAM-171220,,2,STRF,96, , ,RZ2-1,RZ2-1,RZ2-2,RZ2-2,RZ2-2,RZ2-2,xpz5,xpz5,xpz2,xpz2,xpz2,xpz2, ,32,64,32,64,96,128,3.5,300-7k,,,d:\SpikeSortingPipeline\Tanks
,,,,,,,,,,,,,,,,,,,,,,,,,,,,,,,,, 
67,"January 2, 2018",c:\users\scylla\Desktop\RZ2_192ch\DataTanks,SAM-180102,,1,Textures,96, , ,RZ2-1,RZ2-1,RZ2-2,RZ2-2,RZ2-2,RZ2-2,xpz5,xpz5,xpz2,xpz2,xpz2,xpz2, ,32,64,32,64,96,128,3.5,300-7k,,,d:\SpikeSortingPipeline\Tanks
67,"January 2, 2018",c:\users\scylla\Desktop\RZ2_192ch\DataTanks,SAM-180102,,2,STRF,96, , ,RZ2-1,RZ2-1,RZ2-2,RZ2-2,RZ2-2,RZ2-2,xpz5,xpz5,xpz2,xpz2,xpz2,xpz2, ,32,64,32,64,96,128,3.5,300-7k,,,d:\SpikeSortingPipeline\Tanks
,,,,,,,,,,,,,,,,,,,,,,,,,,,,,,,,, 
68,"January 7, 2018",c:\users\scylla\Desktop\RZ2_192ch\DataTanks,SAM-180107,,1,BAD,96, , ,RZ2-1,RZ2-1,RZ2-2,RZ2-2,RZ2-2,RZ2-2,xpz5,xpz5,xpz2,xpz2,xpz2,xpz2, ,32,64,32,64,96,128,3.5,300-7k,,,d:\SpikeSortingPipeline\Tanks
68,"January 7, 2018",c:\users\scylla\Desktop\RZ2_192ch\DataTanks,SAM-180107,,2,STRF,96, , ,RZ2-1,RZ2-1,RZ2-2,RZ2-2,RZ2-2,RZ2-2,xpz5,xpz5,xpz2,xpz2,xpz2,xpz2, ,32,64,32,64,96,128,3.5,300-7k,,,d:\SpikeSortingPipeline\Tanks
,,,,,,,,,,,,,,,,,,,,,,,,,,,,,,,,, 
69,"January 14, 2018",c:\users\scylla\Desktop\RZ2_192ch\DataTanks,SAM-180114,done,1,BAD,96, , ,RZ2-1,RZ2-1,RZ2-2,RZ2-2,RZ2-2,RZ2-2,xpz5,xpz5,xpz2,xpz2,xpz2,xpz2, ,32,64,32,64,96,128,3.5,300-7k,,,d:\SpikeSortingPipeline\Tanks
69,"January 14, 2018",c:\users\scylla\Desktop\RZ2_192ch\DataTanks,SAM-180114,,2,STRF,96, , ,RZ2-1,RZ2-1,RZ2-2,RZ2-2,RZ2-2,RZ2-2,xpz5,xpz5,xpz2,xpz2,xpz2,xpz2, ,32,64,32,64,96,128,3.5,300-7k,,,d:\SpikeSortingPipeline\Tanks
69,"January 14, 2018",c:\users\scylla\Desktop\RZ2_192ch\DataTanks,SAM-180114,,3,Texture,96, , ,RZ2-1,RZ2-1,RZ2-2,RZ2-2,RZ2-2,RZ2-2,xpz5,xpz5,xpz2,xpz2,xpz2,xpz2, ,32,64,32,64,96,128,3.5,300-7k,,,d:\SpikeSortingPipeline\Tanks
,,,,,,,,,,,,,,,,,,,,,,,,,,,,,,,,, 
70,"January 24, 2018",c:\users\scylla\Desktop\RZ2_192ch\DataTanks,SAM-180124,,1,Texture,96, , ,RZ2-1,RZ2-1,RZ2-2,RZ2-2,RZ2-2,RZ2-2,xpz5,xpz5,xpz2,xpz2,xpz2,xpz2, ,32,64,32,64,96,128,3.5,300-7k,,,d:\SpikeSortingPipeline\Tanks
70,"January 24, 2018",c:\users\scylla\Desktop\RZ2_192ch\DataTanks,SAM-180124,,2,STRF,96, , ,RZ2-1,RZ2-1,RZ2-2,RZ2-2,RZ2-2,RZ2-2,xpz5,xpz5,xpz2,xpz2,xpz2,xpz2, ,32,64,32,64,96,128,3.5,300-7k,,,d:\SpikeSortingPipeline\Tanks
,,,,,,,,,,,,,,,,,,,,,,,,,,,,,,,,, 
71,"January 29, 2018",c:\users\scylla\Desktop\RZ2_192ch\DataTanks,SAM-180129,,1,Texture,96, , ,RZ2-1,RZ2-1,RZ2-2,RZ2-2,RZ2-2,RZ2-2,xpz5,xpz5,xpz2,xpz2,xpz2,xpz2, ,32,64,32,64,96,128,3.5,300-7k,,,d:\SpikeSortingPipeline\Tanks
71,"January 29, 2018",c:\users\scylla\Desktop\RZ2_192ch\DataTanks,SAM-180129,,2,STRF,96, , ,RZ2-1,RZ2-1,RZ2-2,RZ2-2,RZ2-2,RZ2-2,xpz5,xpz5,xpz2,xpz2,xpz2,xpz2, ,32,64,32,64,96,128,3.5,300-7k,,,d:\SpikeSortingPipeline\Tanks
,,,,,,,,,,,,,,,,,,,,,,,,,,,,,,,,, 
72,"January 31, 2018",c:\users\scylla\Desktop\RZ2_192ch\DataTanks,SAM-180131,,1,Texture,96, , ,RZ2-1,RZ2-1,RZ2-2,RZ2-2,RZ2-2,RZ2-2,xpz5,xpz5,xpz2,xpz2,xpz2,xpz2,from end of microfil to start of guide tube 12.5mm for both electrode,32,64,32,64,96,128,3.5,300-7k,,,d:\SpikeSortingPipeline\Tanks
72,"January 31, 2018",c:\users\scylla\Desktop\RZ2_192ch\DataTanks,SAM-180131,,2,STRF,96, , ,RZ2-1,RZ2-1,RZ2-2,RZ2-2,RZ2-2,RZ2-2,xpz5,xpz5,xpz2,xpz2,xpz2,xpz2,"606 trials, matlab crashed at Sbad.15.C.NS.1, ",32,64,32,64,96,128,3.5,300-7k,,,d:\SpikeSortingPipeline\Tanks
,,,,,,,,,,,,,,,,,,,,,,,,,,,,,,,,, 
73,"February 7, 2018",c:\users\scylla\Desktop\RZ2_192ch\DataTanks,SAM-180207,,1,Texture,96, , ,RZ2-1,RZ2-1,RZ2-2,RZ2-2,RZ2-2,RZ2-2,xpz5,xpz5,xpz2,xpz2,xpz2,xpz2,from end of microfil to start of guide tube 12.5mm for both electrode,32,64,32,64,96,128,3.5,300-7k,,,d:\SpikeSortingPipeline\Tanks
,,,,,,,,,,,,,,,,,,,,,,,,,,,,,,,,, 
74,"February 12, 2018",c:\users\scylla\Desktop\RZ2_192ch\DataTanks,SAM-180212, ,1,Textures,96,138,484,RZ2-1,RZ2-1,RZ2-2,RZ2-2,RZ2-2,RZ2-2,xpz5,xpz5,xpz2,xpz2,xpz2,xpz2, ,32,64,32,64,96,128,3.5,300-7k, ,,d:\SpikeSortingPipeline\Tanks
74,"February 12, 2018",c:\users\scylla\Desktop\RZ2_192ch\DataTanks,SAM-180212, ,2,STRF,96,, ,RZ2-1,RZ2-1,RZ2-2,RZ2-2,RZ2-2,RZ2-2,xpz5,xpz5,xpz2,xpz2,xpz2,xpz2,,32,64,32,64,96,128,3.5,300-7k, ,,d:\SpikeSortingPipeline\Tanks
74,"February 12, 2018",c:\users\scylla\Desktop\RZ2_192ch\DataTanks,SAM-180212, ,3,VOC,96, , ,RZ2-1,RZ2-1,RZ2-2,RZ2-2,RZ2-2,RZ2-2,xpz5,xpz5,xpz2,xpz2,xpz2,xpz2, ,32,64,32,64,96,128,3.5,300-7k, ,,d:\SpikeSortingPipeline\Tanks
,,,,,,,,,,,,,,,,,,,,,,,,,,,,,,,,, 
75,"February 18, 2018",c:\users\scylla\Desktop\RZ2_192ch\DataTanks,SAM-180218, ,1,STRF,96, , ,RZ2-1,RZ2-1,RZ2-2,RZ2-2,RZ2-2,RZ2-2,xpz5,xpz5,xpz2,xpz2,xpz2,xpz2,20 min STRF 2x10min,32,64,32,64,96,128,3.5,300-7k, ,,d:\SpikeSortingPipeline\Tanks
75,"February 18, 2018",c:\users\scylla\Desktop\RZ2_192ch\DataTanks,SAM-180218, ,2,noise,96,, ,RZ2-1,RZ2-1,RZ2-2,RZ2-2,RZ2-2,RZ2-2,xpz5,xpz5,xpz2,xpz2,xpz2,xpz2,mod_noise_100,32,64,32,64,96,128,3.5,300-7k, ,,d:\SpikeSortingPipeline\Tanks
75,"February 18, 2018",c:\users\scylla\Desktop\RZ2_192ch\DataTanks,SAM-180218, ,3,voc,96, , ,RZ2-1,RZ2-1,RZ2-2,RZ2-2,RZ2-2,RZ2-2,xpz5,xpz5,xpz2,xpz2,xpz2,xpz2,18 voc 5 reps random,32,64,32,64,96,128,3.5,300-7k, ,,d:\SpikeSortingPipeline\Tanks
75,"February 18, 2018",c:\users\scylla\Desktop\RZ2_192ch\DataTanks,SAM-180218,,4,STRF,96, , ,RZ2-1,RZ2-1,RZ2-2,RZ2-2,RZ2-2,RZ2-2,xpz5,xpz5,xpz2,xpz2,xpz2,xpz2,20 min STRF 2x10min,32,64,32,64,96,128,3.5,300-7k, ,,d:\SpikeSortingPipeline\Tanks
,,,,,,,,,,,,,,,,,,,,,,,,,,,,,,,,, 
76,"February 23, 2018",c:\users\scylla\Desktop\RZ2_192ch\DataTanks,SAM-180223, ,1,STRF,96, , ,RZ2-1,RZ2-1,RZ2-2,RZ2-2,RZ2-2,RZ2-2,xpz5,xpz5,xpz2,xpz2,xpz2,xpz2,No aparent response in first trail,32,64,32,64,96,128,3.5,300-7k, ,,d:\SpikeSortingPipeline\Tanks
76,"February 23, 2018",c:\users\scylla\Desktop\RZ2_192ch\DataTanks,SAM-180223, ,2,noise,96, , ,RZ2-1,RZ2-1,RZ2-2,RZ2-2,RZ2-2,RZ2-2,xpz5,xpz5,xpz2,xpz2,xpz2,xpz2, ,32,64,32,64,96,128,3.5,300-7k, ,,d:\SpikeSortingPipeline\Tanks
76,"February 23, 2018",c:\users\scylla\Desktop\RZ2_192ch\DataTanks,SAM-180223, ,2,noise,96, , ,RZ2-1,RZ2-1,RZ2-2,RZ2-2,RZ2-2,RZ2-2,xpz5,xpz5,xpz2,xpz2,xpz2,xpz2, ,32,64,32,64,96,128,3.5,300-7k, ,,d:\SpikeSortingPipeline\Tanks
,,,,,,,,,,,,,,,,,,,,,,,,,,,,,,,,, 
77,"February 28, 2018",c:\users\scylla\Desktop\RZ2_192ch\DataTanks,SAM-180228, ,1,Textures,96,163,175,RZ2-1,RZ2-1,RZ2-2,RZ2-2,RZ2-2,RZ2-2,xpz5,xpz5,xpz2,xpz2,xpz2,xpz2, ,32,64,32,64,96,128,3.5,300-7k, ,,d:\SpikeSortingPipeline\Tanks
77,"February 28, 2018",c:\users\scylla\Desktop\RZ2_192ch\DataTanks,SAM-180228, ,2,STRF,96,, ,RZ2-1,RZ2-1,RZ2-2,RZ2-2,RZ2-2,RZ2-2,xpz5,xpz5,xpz2,xpz2,xpz2,xpz2,,32,64,32,64,96,128,3.5,300-7k, ,,d:\SpikeSortingPipeline\Tanks
,,,,,,,,,,,,,,,,,,,,,,,,,,,,,,,,, 
78,"March 26, 2018",c:\users\scylla\Desktop\RZ2_192ch\DataTanks,SAM-180326, ,1,STRF,96, , ,RZ2-1,RZ2-1,RZ2-2,RZ2-2,RZ2-2,RZ2-2,xpz5,xpz5,xpz2,xpz2,xpz2,xpz2,,32,64,32,64,96,128,3.5,300-7k, ,,d:\SpikeSortingPipeline\Tanks
78,"March 26, 2018",c:\users\scylla\Desktop\RZ2_192ch\DataTanks,SAM-180326, ,2,Textures,96,, ,RZ2-1,RZ2-1,RZ2-2,RZ2-2,RZ2-2,RZ2-2,xpz5,xpz5,xpz2,xpz2,xpz2,xpz2,only normal sounds,32,64,32,64,96,128,3.5,300-7k, ,,d:\SpikeSortingPipeline\Tanks
,,,,,,,,,,,,,,,,,,,,,,,,,,,,,,,,, 
78,"April 3, 2018",c:\users\scylla\Desktop\RZ2_192ch\DataTanks,SAM-180403, ,1,Textures,96, , ,RZ2-1,RZ2-1,RZ2-2,RZ2-2,RZ2-2,RZ2-2,xpz5,xpz5,xpz2,xpz2,xpz2,xpz2,NS+texture,32,64,32,64,96,128,3.5,300-7k, ,,d:\SpikeSortingPipeline\Tanks
,,,,,,,,,,,,,,,,,,,,,,,,,,,,,,,,, 
79,"April 17, 2018",c:\users\scylla\Desktop\RZ2_192ch\DataTanks,SAM-180417, ,1,STRF,96, , ,RZ2-1,RZ2-1,RZ2-2,RZ2-2,RZ2-2,RZ2-2,xpz5,xpz5,xpz2,xpz2,xpz2,xpz2,int32,32,64,32,64,96,128,3.5,300-7k, ,,d:\SpikeSortingPipeline\Tanks
79,"April 17, 2018",c:\users\scylla\Desktop\RZ2_192ch\DataTanks,SAM-180417, ,2,STRF,96, , ,RZ2-1,RZ2-1,RZ2-2,RZ2-2,RZ2-2,RZ2-2,xpz5,xpz5,xpz2,xpz2,xpz2,xpz2,float32,32,64,32,64,96,128,3.5,300-7k, ,,d:\SpikeSortingPipeline\Tanks
,,,,,,,,,,,,,,,,,,,,,,,,,,,,,,,,, 
80,"May 1, 2018",c:\users\scylla\Desktop\RZ2_192ch\DataTanks,SAM-180501, ,1,Texture,96, , ,RZ2-1,RZ2-1,RZ2-2,RZ2-2,RZ2-2,RZ2-2,xpz5,xpz5,xpz2,xpz2,xpz2,xpz2,int32,32,64,32,64,96,128,3.5,300-7k, ,,d:\SpikeSortingPipeline\Tanks
80,"May 1, 2018",c:\users\scylla\Desktop\RZ2_192ch\DataTanks,SAM-180501, ,2,STRF,96, , ,RZ2-1,RZ2-1,RZ2-2,RZ2-2,RZ2-2,RZ2-2,xpz5,xpz5,xpz2,xpz2,xpz2,xpz2,float32,32,64,32,64,96,128,3.5,300-7k, ,,d:\SpikeSortingPipeline\Tanks
,,,,,,,,,,,,,,,,,,,,,,,,,,,,,,,,, 
81,"May 21, 2018",c:\users\scylla\Desktop\RZ2_192ch\DataTanks,SAM-180521, ,1,STRF,96, , ,RZ2-1,RZ2-1,RZ2-2,RZ2-2,RZ2-2,RZ2-2,xpz5,xpz5,xpz2,xpz2,xpz2,xpz2,"saved as SLY, need to change",32,64,32,64,96,128,3.5,300-7k, ,,d:\SpikeSortingPipeline\Tanks
81,"May 21, 2018",c:\users\scylla\Desktop\RZ2_192ch\DataTanks,SAM-180521, ,2,STRF slow,96, , ,RZ2-1,RZ2-1,RZ2-2,RZ2-2,RZ2-2,RZ2-2,xpz5,xpz5,xpz2,xpz2,xpz2,xpz2,float32,32,64,32,64,96,128,3.5,300-7k, ,,d:\SpikeSortingPipeline\Tanks
,,,,,,,,,,,,,,,,,,,,,,,,,,,,,,,,, 
82,"May 24, 2018",c:\users\scylla\Desktop\RZ2_192ch\DataTanks,SAM-180524, ,4,STRF,96, , ,RZ2-1,RZ2-1,RZ2-2,RZ2-2,RZ2-2,RZ2-2,xpz5,xpz5,xpz2,xpz2,xpz2,xpz2,Cannot save LFP ,32,64,32,64,96,128,3.5,300-7k, ,,d:\SpikeSortingPipeline\Tanks
82,"May 24, 2018",c:\users\scylla\Desktop\RZ2_192ch\DataTanks,SAM-180524, ,5,Mod Noise 100,96, , ,RZ2-1,RZ2-1,RZ2-2,RZ2-2,RZ2-2,RZ2-2,xpz5,xpz5,xpz2,xpz2,xpz2,xpz2, ,32,64,32,64,96,128,3.5,300-7k, ,,d:\SpikeSortingPipeline\Tanks
82,"May 24, 2018",c:\users\scylla\Desktop\RZ2_192ch\DataTanks,SAM-180524,,6,STRF slow,96, , ,RZ2-1,RZ2-1,RZ2-2,RZ2-2,RZ2-2,RZ2-2,xpz5,xpz5,xpz2,xpz2,xpz2,xpz2, ,32,64,32,64,96,128,3.5,300-7k,,,d:\SpikeSortingPipeline\Tanks
82,"May 24, 2018",c:\users\scylla\Desktop\RZ2_192ch\DataTanks,SAM-180524,,7,Vocalizations,96, , ,RZ2-1,RZ2-1,RZ2-2,RZ2-2,RZ2-2,RZ2-2,xpz5,xpz5,xpz2,xpz2,xpz2,xpz2, ,32,64,32,64,96,128,3.5,300-7k,,,d:\SpikeSortingPipeline\Tanks
82,"May 24, 2018",c:\users\scylla\Desktop\RZ2_192ch\DataTanks,SAM-180524,,8,Mod Noise 10 ,96, , ,RZ2-1,RZ2-1,RZ2-2,RZ2-2,RZ2-2,RZ2-2,xpz5,xpz5,xpz2,xpz2,xpz2,xpz2,ch 44xpz5,32,64,32,64,96,128,3.5,300-7k,,,d:\SpikeSortingPipeline\Tanks
,,,,,,,,,,,,,,,,,,,,,,,,,,,,,,,,, 
83,"May 29, 2018",c:\users\scylla\Desktop\RZ2_192ch\DataTanks,SAM-180529, ,1,Texture,96, , ,RZ2-1,RZ2-1,RZ2-2,RZ2-2,RZ2-2,RZ2-2,xpz5,xpz5,xpz2,xpz2,xpz2,xpz2, ,32,64,32,64,96,128,3.5,300-7k, ,,d:\SpikeSortingPipeline\Tanks
83,"May 29, 2018",c:\users\scylla\Desktop\RZ2_192ch\DataTanks,SAM-180529, ,2,STRF,96, , ,RZ2-1,RZ2-1,RZ2-2,RZ2-2,RZ2-2,RZ2-2,xpz5,xpz5,xpz2,xpz2,xpz2,xpz2, ,32,64,32,64,96,128,3.5,300-7k, ,,d:\SpikeSortingPipeline\Tanks
,,,,,,,,,,,,,,,,,,,,,,,,,,,,,,,,, 
84,"June 6, 2018",c:\users\scylla\Desktop\RZ2_192ch\DataTanks,SAM-180606, ,1,STRF,96, , ,RZ2-1,RZ2-1,RZ2-2,RZ2-2,RZ2-2,RZ2-2,xpz5,xpz5,xpz2,xpz2,xpz2,xpz2, ,32,64,32,64,96,128,3.5,300-7k, ,,d:\SpikeSortingPipeline\Tanks
84,"June 6, 2018",c:\users\scylla\Desktop\RZ2_192ch\DataTanks,SAM-180606, ,2,Texture,96, , ,RZ2-1,RZ2-1,RZ2-2,RZ2-2,RZ2-2,RZ2-2,xpz5,xpz5,xpz2,xpz2,xpz2,xpz2,"Something odd at frist trial, on matlab side",32,64,32,64,96,128,3.5,300-7k, ,,d:\SpikeSortingPipeline\Tanks
84,"June 6, 2018",c:\users\scylla\Desktop\RZ2_192ch\DataTanks,SAM-180606, ,3,STRF slow,96, , ,RZ2-1,RZ2-1,RZ2-2,RZ2-2,RZ2-2,RZ2-2,xpz5,xpz5,xpz2,xpz2,xpz2,xpz2, ,32,64,32,64,96,128,3.5,300-7k, ,,d:\SpikeSortingPipeline\Tanks
,,,,,,,,,,,,,,,,,,,,,,,,,,,,,,,,, 
85,"June 8, 2018",c:\users\scylla\Desktop\RZ2_192ch\DataTanks,SAM-180608, ,1,STRF,96, , ,RZ2-1,RZ2-1,RZ2-2,RZ2-2,RZ2-2,RZ2-2,xpz5,xpz5,xpz2,xpz2,xpz2,xpz2, ,32,64,32,64,96,128,3.5,300-7k, ,,d:\SpikeSortingPipeline\Tanks
85,"June 8, 2018",c:\users\scylla\Desktop\RZ2_192ch\DataTanks,SAM-180608, ,2,Texture,96, , ,RZ2-1,RZ2-1,RZ2-2,RZ2-2,RZ2-2,RZ2-2,xpz5,xpz5,xpz2,xpz2,xpz2,xpz2,"Something odd at frist trial, on matlab side",32,64,32,64,96,128,3.5,300-7k, ,,d:\SpikeSortingPipeline\Tanks
,,,,,,,,,,,,,,,,,,,,,,,,,,,,,,,,, 
86,"June 15, 2018",c:\users\scylla\Desktop\RZ2_192ch\DataTanks,SAM-180615, ,1,Texture,96, , ,RZ2-1,RZ2-1,RZ2-2,RZ2-2,RZ2-2,RZ2-2,xpz5,xpz5,xpz2,xpz2,xpz2,xpz2,ground connector came out at trial 176,32,64,32,64,96,128,3.5,300-5k, ,,d:\SpikeSortingPipeline\Tanks
86,"June 15, 2018",c:\users\scylla\Desktop\RZ2_192ch\DataTanks,SAM-180615, ,2,STRF,96, , ,RZ2-1,RZ2-1,RZ2-2,RZ2-2,RZ2-2,RZ2-2,xpz5,xpz5,xpz2,xpz2,xpz2,xpz2, ,32,64,32,64,96,128,3.5,300-5k, ,,d:\SpikeSortingPipeline\Tanks
86,"June 15, 2018",c:\users\scylla\Desktop\RZ2_192ch\DataTanks,SAM-180615, ,2,STRF slow,96, , ,RZ2-1,RZ2-1,RZ2-2,RZ2-2,RZ2-2,RZ2-2,xpz5,xpz5,xpz2,xpz2,xpz2,xpz2, ,32,64,32,64,96,128,3.5,300-5k, ,,d:\SpikeSortingPipeline\Tanks
,,,,,,,,,,,,,,,,,,,,,,,,,,,,,,,,, 
87,"June 19, 2018",c:\users\scylla\Desktop\RZ2_192ch\DataTanks,SAM-180619, ,3,Texture,96, , ,RZ2-1,RZ2-1,RZ2-2,RZ2-2,RZ2-2,RZ2-2,xpz5,xpz5,xpz2,xpz2,xpz2,xpz2,"First 3 trials lost tdt crashed., block-1",32,64,32,64,96,128,3.5,300-5k, ,,d:\SpikeSortingPipeline\Tanks
87,"June 19, 2018",c:\users\scylla\Desktop\RZ2_192ch\DataTanks,SAM-180619, ,4,STRF,96, , ,RZ2-1,RZ2-1,RZ2-2,RZ2-2,RZ2-2,RZ2-2,xpz5,xpz5,xpz2,xpz2,xpz2,xpz2, ,32,64,32,64,96,128,3.5,300-5k, ,,d:\SpikeSortingPipeline\Tanks
,,,,,,,,,,,,,,,,,,,,,,,,,,,,,,,,, 
88,"June 27, 2018",c:\users\scylla\Desktop\RZ2_192ch\DataTanks,SAM-180627, ,3,STRF,96, , ,RZ2-1,RZ2-1,RZ2-2,RZ2-2,RZ2-2,RZ2-2,xpz5,xpz5,xpz2,xpz2,xpz2,xpz2, ,32,64,32,64,96,128,3.5,300-5k, ,,d:\SpikeSortingPipeline\Tanks
88,"June 27, 2018",c:\users\scylla\Desktop\RZ2_192ch\DataTanks,SAM-180627, ,4,STRF slow,96, , ,RZ2-1,RZ2-1,RZ2-2,RZ2-2,RZ2-2,RZ2-2,xpz5,xpz5,xpz2,xpz2,xpz2,xpz2, ,32,64,32,64,96,128,3.5,300-5k, ,,d:\SpikeSortingPipeline\Tanks
,,,,,,,,,,,,,,,,,,,,,,,,,,,,,,,,, 
89,"July 5, 2018",c:\users\scylla\Desktop\RZ2_192ch\DataTanks,SAM-180705, ,1,Texures,96, , ,RZ2-1,RZ2-1,RZ2-2,RZ2-2,RZ2-2,RZ2-2,xpz5,xpz5,xpz2,xpz2,xpz2,xpz2, ,32,64,32,64,96,128,3.5,300-5k,Jul5_18,,d:\SpikeSortingPipeline\Tanks
89,"July 5, 2018",c:\users\scylla\Desktop\RZ2_192ch\DataTanks,SAM-180705, ,2,STRF slow,96, , ,RZ2-1,RZ2-1,RZ2-2,RZ2-2,RZ2-2,RZ2-2,xpz5,xpz5,xpz2,xpz2,xpz2,xpz2,ch70(from 128 amp)xpz2ch66,32,64,32,64,96,128,3.5,300-5k, ,,d:\SpikeSortingPipeline\Tanks
89,"July 5, 2018",c:\users\scylla\Desktop\RZ2_192ch\DataTanks,SAM-180705,,3,Voc,96, , ,RZ2-1,RZ2-1,RZ2-2,RZ2-2,RZ2-2,RZ2-2,xpz5,xpz5,xpz2,xpz2,xpz2,xpz2, ,32,64,32,64,96,128,3.5,300-5k, ,,d:\SpikeSortingPipeline\Tanks
,,,,,,,,,,,,,,,,,,,,,,,,,,,,,,,,, 
90,"July 20, 2018",c:\users\scylla\Desktop\RZ2_192ch\DataTanks,SAM-180720, ,1,Texures,96, , ,RZ2-1,RZ2-1,RZ2-2,RZ2-2,RZ2-2,RZ2-2,xpz5,xpz5,xpz2,xpz2,xpz2,xpz2, ,32,64,32,64,96,128,3.5,300-5k,Jul20_18,,d:\SpikeSortingPipeline\Tanks
90,"July 20, 2018",c:\users\scylla\Desktop\RZ2_192ch\DataTanks,SAM-180720, ,2,STRF slow,96, , ,RZ2-1,RZ2-1,RZ2-2,RZ2-2,RZ2-2,RZ2-2,xpz5,xpz5,xpz2,xpz2,xpz2,xpz2,ch70(from 128 amp)xpz2ch66,32,64,32,64,96,128,3.5,300-5k, ,,d:\SpikeSortingPipeline\Tanks
90,"July 20, 2018",c:\users\scylla\Desktop\RZ2_192ch\DataTanks,SAM-180720,,3,Voc,96, , ,RZ2-1,RZ2-1,RZ2-2,RZ2-2,RZ2-2,RZ2-2,xpz5,xpz5,xpz2,xpz2,xpz2,xpz2, ,32,64,32,64,96,128,3.5,300-5k, ,,d:\SpikeSortingPipeline\Tanks
90,"July 20, 2018",c:\users\scylla\Desktop\RZ2_192ch\DataTanks,SAM-180720,,4,clicks,96, , ,RZ2-1,RZ2-1,RZ2-2,RZ2-2,RZ2-2,RZ2-2,xpz5,xpz5,xpz2,xpz2,xpz2,xpz2, ,32,64,32,64,96,128,3.5,300-5k,,,d:\SpikeSortingPipeline\Tanks
,,,,,,,,,,,,,,,,,,,,,,,,,,,,,,,,, 
91,"July 24, 2018",c:\users\scylla\Desktop\RZ2_192ch\DataTanks,SAM-180724, ,1,Texures,96, , ,RZ2-1,RZ2-1,RZ2-2,RZ2-2,RZ2-2,RZ2-2,xpz5,xpz5,xpz2,xpz2,xpz2,xpz2,Started to move at trial 313,32,64,32,64,96,128,3.5,300-5k,Jul20_18,,d:\SpikeSortingPipeline\Tanks
91,"July 24, 2018",c:\users\scylla\Desktop\RZ2_192ch\DataTanks,SAM-180724, ,2,STRF slow,96, , ,RZ2-1,RZ2-1,RZ2-2,RZ2-2,RZ2-2,RZ2-2,xpz5,xpz5,xpz2,xpz2,xpz2,xpz2, ,32,64,32,64,96,128,3.5,300-5k, ,,d:\SpikeSortingPipeline\Tanks
91,"July 24, 2018",c:\users\scylla\Desktop\RZ2_192ch\DataTanks,SAM-180724,,3,Voc,96, , ,RZ2-1,RZ2-1,RZ2-2,RZ2-2,RZ2-2,RZ2-2,xpz5,xpz5,xpz2,xpz2,xpz2,xpz2, ,32,64,32,64,96,128,3.5,300-5k, ,,d:\SpikeSortingPipeline\Tanks
91,"July 24, 2018",c:\users\scylla\Desktop\RZ2_192ch\DataTanks,SAM-180724,,4,clicks,96, , ,RZ2-1,RZ2-1,RZ2-2,RZ2-2,RZ2-2,RZ2-2,xpz5,xpz5,xpz2,xpz2,xpz2,xpz2, ,32,64,32,64,96,128,3.5,300-5k,,,d:\SpikeSortingPipeline\Tanks
,,,,,,,,,,,,,,,,,,,,,,,,,,,,,,,,, 
92,"August 2, 2018",c:\users\scylla\Desktop\RZ2_192ch\DataTanks,SAM-180802, ,5,STRF slow,96, , ,RZ2-1,RZ2-1,RZ2-2,RZ2-2,RZ2-2,RZ2-2,xpz5,xpz5,xpz2,xpz2,xpz2,xpz2,electrode had to be a lot deeper,32,64,32,64,96,128,3.5,300-5k,Jul20_18,,d:\SpikeSortingPipeline\Tanks
92,"August 2, 2018",c:\users\scylla\Desktop\RZ2_192ch\DataTanks,SAM-180802, ,6,STRF slow,96, , ,RZ2-1,RZ2-1,RZ2-2,RZ2-2,RZ2-2,RZ2-2,xpz5,xpz5,xpz2,xpz2,xpz2,xpz2, ,32,64,32,64,96,128,3.5,300-5k, ,,d:\SpikeSortingPipeline\Tanks
92,"August 2, 2018",c:\users\scylla\Desktop\RZ2_192ch\DataTanks,SAM-180802,,3,Voc,96, , ,RZ2-1,RZ2-1,RZ2-2,RZ2-2,RZ2-2,RZ2-2,xpz5,xpz5,xpz2,xpz2,xpz2,xpz2, ,32,64,32,64,96,128,3.5,300-5k, ,,d:\SpikeSortingPipeline\Tanks
92,"August 2, 2018",c:\users\scylla\Desktop\RZ2_192ch\DataTanks,SAM-180802,,4,clicks,96, , ,RZ2-1,RZ2-1,RZ2-2,RZ2-2,RZ2-2,RZ2-2,xpz5,xpz5,xpz2,xpz2,xpz2,xpz2, ,32,64,32,64,96,128,3.5,300-5k,,,d:\SpikeSortingPipeline\Tanks
,,,,,,,,,,,,,,,,,,,,,,,,,,,,,,,,, 
,,,,,,,,,,,,,,,,,,,,,,,,,,,,,,,,, 
93,"December 18, 2018",c:\users\scylla\Desktop\RZ2_192ch\DataTanks,SAM-181218, ,1,BAD,96, , ,RZ2-1,RZ2-1,RZ2-2,RZ2-2,RZ2-2,RZ2-2,xpz5,xpz5,xpz2,xpz2,xpz2,xpz2,First Recording with new probes, , ,32,64,96,128,3.5,300-5k, ,,d:\SpikeSortingPipeline\Tanks
93,"December 18, 2018",c:\users\scylla\Desktop\RZ2_192ch\DataTanks,SAM-181218, ,2,BAD,96, , ,RZ2-1,RZ2-1,RZ2-2,RZ2-2,RZ2-2,RZ2-2,xpz5,xpz5,xpz2,xpz2,xpz2,xpz2,Trying the local ref , , ,32,64,96,128,3.5,300-5k, ,,d:\SpikeSortingPipeline\Tanks
93,"December 18, 2018",c:\users\scylla\Desktop\RZ2_192ch\DataTanks,SAM-181218,,4,BAD,96, , ,RZ2-1,RZ2-1,RZ2-2,RZ2-2,RZ2-2,RZ2-2,xpz5,xpz5,xpz2,xpz2,xpz2,xpz2,with external ref,,,,,,,,,,,d:\SpikeSortingPipeline\Tanks
93,"December 18, 2018",c:\users\scylla\Desktop\RZ2_192ch\DataTanks,SAM-181218,,5,BAD,96, , ,RZ2-1,RZ2-1,RZ2-2,RZ2-2,RZ2-2,RZ2-2,xpz5,xpz5,xpz2,xpz2,xpz2,xpz2,changed to autocluster in tdt,,,,,,,,,,,d:\SpikeSortingPipeline\Tanks
,,,,,,,,,,,,,,,,,,,,,,,,,,,,,,,,, 
94,"December 21, 2018",c:\users\scylla\Desktop\RZ2_192ch\DataTanks,SAM-181221,,4,BAD,96, , ,RZ2-1,RZ2-1,RZ2-2,RZ2-2,RZ2-2,RZ2-2,xpz5,xpz5,xpz2,xpz2,xpz2,xpz2, ,,,,,,,,,,,d:\SpikeSortingPipeline\Tanks
94,"December 21, 2018",c:\users\scylla\Desktop\RZ2_192ch\DataTanks,SAM-181221,,5,BAD,96, , ,RZ2-1,RZ2-1,RZ2-2,RZ2-2,RZ2-2,RZ2-2,xpz5,xpz5,xpz2,xpz2,xpz2,xpz2, ,,,,,,,,,,,d:\SpikeSortingPipeline\Tanks
,,,,,,,,,,,,,,,,,,,,,,,,,,,,,,,,, 
95,"January 3, 2019",c:\users\scylla\Desktop\RZ2_192ch\DataTanks,SAM-190103, ,1,BAD,64, , ,RZ2-1,RZ2-1,RZ2-2,RZ2-2,RZ2-2,RZ2-2,xpz5,xpz5,xpz2,xpz2,xpz2,xpz2, , , ,32,64,96,128,3.5,300-5k, ,,d:\SpikeSortingPipeline\Tanks
95,"January 3, 2019",c:\users\scylla\Desktop\RZ2_192ch\DataTanks,SAM-190103, ,2,BAD,64, , ,RZ2-1,RZ2-1,RZ2-2,RZ2-2,RZ2-2,RZ2-2,xpz5,xpz5,xpz2,xpz2,xpz2,xpz2, , , ,32,64,96,128,3.5,300-5k, ,,d:\SpikeSortingPipeline\Tanks
95,"January 3, 2019",c:\users\scylla\Desktop\RZ2_192ch\DataTanks,SAM-190103,,3,BAD,64, , ,RZ2-1,RZ2-1,RZ2-2,RZ2-2,RZ2-2,RZ2-2,xpz5,xpz5,xpz2,xpz2,xpz2,xpz2, ,,,,,,,,,,, 
,,,,,,,,,,,,,,,,,,,,,,,,,,,,,,,,, 
96,"January 10, 2019",c:\users\scylla\Desktop\RZ2_192ch\DataTanks,SAM-190110, ,1,BAD,96, , ,RZ2-1,RZ2-1,RZ2-2,RZ2-2,RZ2-2,RZ2-2,xpz5,xpz5,xpz2,xpz2,xpz2,xpz2,"Missed first 3 trials, ",32,64,32,64,96,128,3.5,300-5k, ,,d:\SpikeSortingPipeline\Tanks
96,"January 10, 2019",c:\users\scylla\Desktop\RZ2_192ch\DataTanks,SAM-190110, ,2,BAD,96, , ,RZ2-1,RZ2-1,RZ2-2,RZ2-2,RZ2-2,RZ2-2,xpz5,xpz5,xpz2,xpz2,xpz2,xpz2, ,32,64,32,64,96,128,3.5,300-5k, ,,d:\SpikeSortingPipeline\Tanks
,,,,,,,,,,,,,,,,,,,,,,,,,,,,,,,,,
97,"January 16, 2019",c:\users\scylla\Desktop\RZ2_192ch\DataTanks,SAM-190116, ,1,Texture,96, , ,RZ2-1,RZ2-1,RZ2-2,RZ2-2,RZ2-2,RZ2-2,xpz5,xpz5,xpz2,xpz2,xpz2,xpz2,ony 168 trials,32,64,32,64,96,128,3.5,300-5k,Jan16_19,,d:\SpikeSortingPipeline\Tanks
97,"January 16, 2019",c:\users\scylla\Desktop\RZ2_192ch\DataTanks,SAM-190116, ,2,STRF,96, , ,RZ2-1,RZ2-1,RZ2-2,RZ2-2,RZ2-2,RZ2-2,xpz5,xpz5,xpz2,xpz2,xpz2,xpz2, ,32,64,32,64,96,128,3.5,300-5k, ,,d:\SpikeSortingPipeline\Tanks
97,"January 16, 2019",c:\users\scylla\Desktop\RZ2_192ch\DataTanks,SAM-190116, ,3,Voc,96, , ,RZ2-1,RZ2-1,RZ2-2,RZ2-2,RZ2-2,RZ2-2,xpz5,xpz5,xpz2,xpz2,xpz2,xpz2,ony 168 trials,32,64,32,64,96,128,3.5,300-5k,Jan16_19,,d:\SpikeSortingPipeline\Tanks
97,"January 16, 2019",c:\users\scylla\Desktop\RZ2_192ch\DataTanks,SAM-190116, ,4,STRF slow,96, , ,RZ2-1,RZ2-1,RZ2-2,RZ2-2,RZ2-2,RZ2-2,xpz5,xpz5,xpz2,xpz2,xpz2,xpz2, ,32,64,32,64,96,128,3.5,300-5k, ,,d:\SpikeSortingPipeline\Tanks
,,,,,,,,,,,,,,,,,,,,,,,,,,,,,,,,,
98,"January 21, 2019",c:\users\scylla\Desktop\RZ2_192ch\DataTanks,SAM-190121, ,1,Texture,96, , ,RZ2-1,RZ2-1,RZ2-2,RZ2-2,RZ2-2,RZ2-2,xpz5,xpz5,xpz2,xpz2,xpz2,xpz2,ony 168 trials,32,64,32,64,96,128,3.5,300-5k,Jan21_19,,d:\SpikeSortingPipeline\Tanks
98,"January 21, 2019",c:\users\scylla\Desktop\RZ2_192ch\DataTanks,SAM-190121, ,2,STRF,96, , ,RZ2-1,RZ2-1,RZ2-2,RZ2-2,RZ2-2,RZ2-2,xpz5,xpz5,xpz2,xpz2,xpz2,xpz2, ,32,64,32,64,96,128,3.5,300-5k, ,,d:\SpikeSortingPipeline\Tanks
98,"January 21, 2019",c:\users\scylla\Desktop\RZ2_192ch\DataTanks,SAM-190121, ,3,Voc,96, , ,RZ2-1,RZ2-1,RZ2-2,RZ2-2,RZ2-2,RZ2-2,xpz5,xpz5,xpz2,xpz2,xpz2,xpz2,ony 168 trials,32,64,32,64,96,128,3.5,300-5k, ,,d:\SpikeSortingPipeline\Tanks
,,,,,,,,,,,,,,,,,,,,,,,,,,,,,,,,,
99,"January 23, 2019",c:\users\scylla\Desktop\RZ2_192ch\DataTanks,SAM-190123, ,1,Texture,96, , ,RZ2-1,RZ2-1,RZ2-2,RZ2-2,RZ2-2,RZ2-2,xpz5,xpz5,xpz2,xpz2, , , ,32,64,32,64,96,128,3.5,300-5k,Jan23_19,,d:\SpikeSortingPipeline\Tanks
99,"January 23, 2019",c:\users\scylla\Desktop\RZ2_192ch\DataTanks,SAM-190123, ,2,STRF,96, , ,RZ2-1,RZ2-1,RZ2-2,RZ2-2,RZ2-2,RZ2-2,xpz5,xpz5,xpz2,xpz2, , , ,32,64,32,64,96,128,3.5,300-5k, ,,d:\SpikeSortingPipeline\Tanks
99,"January 23, 2019",c:\users\scylla\Desktop\RZ2_192ch\DataTanks,SAM-190123, ,3,Voc,96, , ,RZ2-1,RZ2-1,RZ2-2,RZ2-2,RZ2-2,RZ2-2,xpz5,xpz5,xpz2,xpz2, , , ,32,64,32,64,96,128,3.5,300-5k, ,,d:\SpikeSortingPipeline\Tanks
,,,,,,,,,,,,,,,,,,,,,,,,,,,,,,,,,
100,"January 28, 2019",c:\users\scylla\Desktop\RZ2_192ch\DataTanks,SAM-190128, ,1,Texture,64, , ,RZ2-1,RZ2-1,RZ2-2,RZ2-2,RZ2-2,RZ2-2,xpz5,xpz5,xpz2,xpz2, , ,Will pause at 235 trial ,32,64,32,64,96,128,3.5,300-5k,Jan28_19,,d:\SpikeSortingPipeline\Tanks
100,"January 28, 2019",c:\users\scylla\Desktop\RZ2_192ch\DataTanks,SAM-190128, ,2,STRF,64, , ,RZ2-1,RZ2-1,RZ2-2,RZ2-2,RZ2-2,RZ2-2,xpz5,xpz5,xpz2,xpz2, , , ,32,64,32,64,96,128,3.5,300-5k, ,,d:\SpikeSortingPipeline\Tanks
100,"January 28, 2019",c:\users\scylla\Desktop\RZ2_192ch\DataTanks,SAM-190128, ,3,Voc,64, , ,RZ2-1,RZ2-1,RZ2-2,RZ2-2,RZ2-2,RZ2-2,xpz5,xpz5,xpz2,xpz2, , , ,32,64,32,64,96,128,3.5,300-5k, ,,d:\SpikeSortingPipeline\Tanks
100,"January 28, 2019",c:\users\scylla\Desktop\RZ2_192ch\DataTanks,SAM-190128, ,4,Texture,64, , ,RZ2-1,RZ2-1,RZ2-2,RZ2-2,RZ2-2,RZ2-2,xpz5,xpz5,xpz2,xpz2, , ,236 to 258 ,32,64,32,64,96,128,3.5,300-5k, ,,d:\SpikeSortingPipeline\Tanks
100,"January 28, 2019",c:\users\scylla\Desktop\RZ2_192ch\DataTanks,SAM-190128, ,5,STRF slow,64, , ,RZ2-1,RZ2-1,RZ2-2,RZ2-2,RZ2-2,RZ2-2,xpz5,xpz5,xpz2,xpz2, , , ,32,64,32,64,96,128,3.5,300-5k, ,,d:\SpikeSortingPipeline\Tanks
,,,,,,,,,,,,,,,,,,,,,,,,,,,,,,,,,
,,,,,,,,,,,,,,,,,,,,,,,,,,,,,,,,,
101,"February 4, 2019",c:\users\scylla\Desktop\RZ2_192ch\DataTanks,SAM-190204, ,1,Texture,96, , ,RZ2-1,RZ2-1,RZ2-2,RZ2-2,RZ2-2,RZ2-2,xpz5,xpz5,xpz2,xpz2, , ,Will pause at 371 trial ,32,64,32,64,96,128,3.5,300-5k,Feb4_19,,d:\SpikeSortingPipeline\Tanks
101,"February 4, 2019",c:\users\scylla\Desktop\RZ2_192ch\DataTanks,SAM-190204, ,2,STRF,96, , ,RZ2-1,RZ2-1,RZ2-2,RZ2-2,RZ2-2,RZ2-2,xpz5,xpz5,xpz2,xpz2, , , ,32,64,32,64,96,128,3.5,300-5k, ,,d:\SpikeSortingPipeline\Tanks
101,"February 4, 2019",c:\users\scylla\Desktop\RZ2_192ch\DataTanks,SAM-190204, ,3,Voc,96, , ,RZ2-1,RZ2-1,RZ2-2,RZ2-2,RZ2-2,RZ2-2,xpz5,xpz5,xpz2,xpz2, , , ,32,64,32,64,96,128,3.5,300-5k, ,,d:\SpikeSortingPipeline\Tanks
101,"February 4, 2019",c:\users\scylla\Desktop\RZ2_192ch\DataTanks,SAM-190204, ,4,Texture,96, , ,RZ2-1,RZ2-1,RZ2-2,RZ2-2,RZ2-2,RZ2-2,xpz5,xpz5,xpz2,xpz2, , ,372 to  385 Shaking a lot not sure why,32,64,32,64,96,128,3.5,300-5k, ,,d:\SpikeSortingPipeline\Tanks
101,"February 4, 2019",c:\users\scylla\Desktop\RZ2_192ch\DataTanks,SAM-190204, ,5,STRF slow,96, , ,RZ2-1,RZ2-1,RZ2-2,RZ2-2,RZ2-2,RZ2-2,xpz5,xpz5,xpz2,xpz2, , , ,32,64,32,64,96,128,3.5,300-5k, ,,d:\SpikeSortingPipeline\Tanks
,,,,,,,,,,,,,,,,,,,,,,,,,,,,,,,,,
102,"February 6, 2019",c:\users\scylla\Desktop\RZ2_192ch\DataTanks,SAM-190206, ,1,BAD,96, , ,RZ2-1,RZ2-1,RZ2-2,RZ2-2,RZ2-2,RZ2-2,xpz5,xpz5,xpz2,xpz2, , , ,32,64,32,64,96,128,3.5,300-5k,Feb6_19,,d:\SpikeSortingPipeline\Tanks
102,"February 6, 2019",c:\users\scylla\Desktop\RZ2_192ch\DataTanks,SAM-190206, ,2,STRF,96, , ,RZ2-1,RZ2-1,RZ2-2,RZ2-2,RZ2-2,RZ2-2,xpz5,xpz5,xpz2,xpz2, , , ,32,64,32,64,96,128,3.5,300-5k, ,,d:\SpikeSortingPipeline\Tanks
102,"February 6, 2019",c:\users\scylla\Desktop\RZ2_192ch\DataTanks,SAM-190206, ,3,Texture,96, , ,RZ2-1,RZ2-1,RZ2-2,RZ2-2,RZ2-2,RZ2-2,xpz5,xpz5,xpz2,xpz2, , ,Stopped at trial 417,32,64,32,64,96,128,3.5,300-5k, ,,d:\SpikeSortingPipeline\Tanks
102,"February 6, 2019",c:\users\scylla\Desktop\RZ2_192ch\DataTanks,SAM-190206, ,4,Texture,96, , ,RZ2-1,RZ2-1,RZ2-2,RZ2-2,RZ2-2,RZ2-2,xpz5,xpz5,xpz2,xpz2, , ,Shaking sarted at trial 417,32,64,32,64,96,128,3.5,300-5k, ,,d:\SpikeSortingPipeline\Tanks
102,"February 6, 2019",c:\users\scylla\Desktop\RZ2_192ch\DataTanks,SAM-190206, ,5,Voc,96, , ,RZ2-1,RZ2-1,RZ2-2,RZ2-2,RZ2-2,RZ2-2,xpz5,xpz5,xpz2,xpz2, , , ,32,64,32,64,96,128,3.5,300-5k, ,,d:\SpikeSortingPipeline\Tanks
,,,,,,,,,,,,,,,,,,,,,,,,,,,,,,,,,
103,"February 20, 2019",c:\users\scylla\Desktop\RZ2_192ch\DataTanks,SAM-190220, ,1,STRF,64, , ,RZ2-1,RZ2-1,RZ2-2,RZ2-2,RZ2-2,RZ2-2,xpz5,xpz5,xpz2,xpz2, , , ,32,64,32,64,96,128,3.5,300-5k, ,,d:\SpikeSortingPipeline\Tanks
103,"February 20, 2019",c:\users\scylla\Desktop\RZ2_192ch\DataTanks,SAM-190220, ,2,Texture,64, , ,RZ2-1,RZ2-1,RZ2-2,RZ2-2,RZ2-2,RZ2-2,xpz5,xpz5,xpz2,xpz2, , , ,32,64,32,64,96,128,3.5,300-5k,Feb20_19,,d:\SpikeSortingPipeline\Tanks
,,,,,,,,,,,,,,,,,,,,,,,,,,,,,,,,,
104,"February 27, 2019",c:\users\scylla\Desktop\RZ2_192ch\DataTanks,SAM-190227, ,1,STRF,96, , ,RZ2-1,RZ2-1,RZ2-2,RZ2-2,RZ2-2,RZ2-2,xpz5,xpz5,xpz2,xpz2, , ,"AL and A1 in TDT, ML in Zeus",32,64,32,64,96,128,3.5,300-5k,Feb27_19,,d:\SpikeSortingPipeline\Tanks
104,"February 27, 2019",c:\users\scylla\Desktop\RZ2_192ch\DataTanks,SAM-190227, ,2,Texture,96, , ,RZ2-1,RZ2-1,RZ2-2,RZ2-2,RZ2-2,RZ2-2,xpz5,xpz5,xpz2,xpz2, , ,Zeus recorded only after an hour in B-2,32,64,32,64,96,128,3.5,300-5k, ,,d:\SpikeSortingPipeline\Tanks
104,"February 27, 2019",c:\users\scylla\Desktop\RZ2_192ch\DataTanks,SAM-190227, ,3,STRF,96,,,,,,,,,,,,,,,B1 and B3 faster STRF,,,,,,,,,,,
,,,,,,,,,,,,,,,,,,,,,,,,,,,,,,,,,
105,"March 6, 2019",c:\users\scylla\Desktop\RZ2_192ch\DataTanks,SAM-190306, ,1,Texture,96, , ,RZ2-1,RZ2-1,RZ2-2,RZ2-2,RZ2-2,RZ2-2,xpz5,xpz5,xpz2,xpz2, , ,"AL and A1 in TDT, ML in Zeus",32,64,32,64,96,128,3.5,300-5k,March6_19,,d:\SpikeSortingPipeline\Tanks
105,"March 6, 2019",c:\users\scylla\Desktop\RZ2_192ch\DataTanks,SAM-190306, ,2,STRF,96, , ,RZ2-1,RZ2-1,RZ2-2,RZ2-2,RZ2-2,RZ2-2,xpz5,xpz5,xpz2,xpz2, , , ,32,64,32,64,96,128,3.5,300-5k, ,,d:\SpikeSortingPipeline\Tanks
,,,,,,,,,,,,,,,,,,,,,,,,,,,,,,,,,
106,"March 18, 2019",c:\users\scylla\Desktop\RZ2_192ch\DataTanks,SAM-190318, ,1,STRF,96, , ,RZ2-1,RZ2-1,RZ2-2,RZ2-2,RZ2-2,RZ2-2,xpz5,xpz5,xpz2,xpz2, , ,New STRF Sound,32,64,32,64,96,128,3.5,300-5k, ,,d:\SpikeSortingPipeline\Tanks
106,"March 18, 2019",c:\users\scylla\Desktop\RZ2_192ch\DataTanks,SAM-190318, ,2,Texture,96, , ,RZ2-1,RZ2-1,RZ2-2,RZ2-2,RZ2-2,RZ2-2,xpz5,xpz5,xpz2,xpz2, , ,AL and A1 in TDT,32,64,32,64,96,128,3.5,300-5k,Mar18_19,,d:\SpikeSortingPipeline\Tanks
,,,,,,,,,,,,,,,,,,,,,,,,,,,,,,,,,
107,"March 25, 2019",c:\users\scylla\Desktop\RZ2_192ch\DataTanks,SAM-190325, ,1,STRF,96, , ,RZ2-1,RZ2-1,RZ2-2,RZ2-2,RZ2-2,RZ2-2,xpz5,xpz5,xpz2,xpz2, , ,xpz5 varible was not saved by RS4,32,64,32,64,96,128,3.5,300-5k,,,d:\SpikeSortingPipeline\Tanks
107,"March 25, 2019",c:\users\scylla\Desktop\RZ2_192ch\DataTanks,SAM-190325, ,2,Texture,96, , ,RZ2-1,RZ2-1,RZ2-2,RZ2-2,RZ2-2,RZ2-2,xpz5,xpz5,xpz2,xpz2, , , ,32,64,32,64,96,128,3.5,300-5k,Mar25_19,,d:\SpikeSortingPipeline\Tanks
,,,,,,,,,,,,,,,,,,,,,,,,,,,,,,,,,
108,"April 1, 2019",c:\users\scylla\Desktop\RZ2_192ch\DataTanks,SAM-190401, ,1,Texture,96, , ,RZ2-1,RZ2-1,RZ2-2,RZ2-2,RZ2-2,RZ2-2,xpz5,xpz5,xpz2,xpz2, , ,64 in each probe,32,64,32,64,96,128,3.5,300-5k,Apr1_19,,d:\SpikeSortingPipeline\Tanks
108,"April 1, 2019",c:\users\scylla\Desktop\RZ2_192ch\DataTanks,SAM-190401, ,2,STRF,96, , ,RZ2-1,RZ2-1,RZ2-2,RZ2-2,RZ2-2,RZ2-2,xpz5,xpz5,xpz2,xpz2, , ,all in tdt,32,64,32,64,96,128,3.5,300-5k, ,,d:\SpikeSortingPipeline\Tanks
,,,,,,,,,,,,,,,,,,,,,,,,,,,,,,,,,
,,,,,,,,,,,,,,,,,,,,,,,,,,,,,,,,,
109,"April 5, 2019",c:\users\scylla\Desktop\RZ2_192ch\DataTanks,SAM-190405, ,1,STRF,64, , ,RZ2-1,RZ2-1,RZ2-2,RZ2-2,RZ2-2,RZ2-2,xpz5,xpz5,xpz2,xpz2, , ,all in tdt,32,64,32,64,96,128,3.5,300-5k,Apr5_19,,d:\SpikeSortingPipeline\Tanks
,,,,,,,,,,,,,,,,,,,,,,,,,,,,,,,,,
110,"April 10, 2019",c:\users\scylla\Desktop\RZ2_192ch\DataTanks,SAM-190410, ,1,Texture,64, , ,RZ2-1,RZ2-1,RZ2-2,RZ2-2,RZ2-2,RZ2-2,xpz5,xpz5,xpz2,xpz2, , ,"Synapse crashed at trial 83, Block-2 starts at trial 84",32,64,32,64,96,128,3.5,300-5k,Apr10_19,,d:\SpikeSortingPipeline\Tanks
110,"April 10, 2019",c:\users\scylla\Desktop\RZ2_192ch\DataTanks,SAM-190410, ,2,Texture,64, , ,RZ2-1,RZ2-1,RZ2-2,RZ2-2,RZ2-2,RZ2-2,xpz5,xpz5,xpz2,xpz2, , ,all in tdt,32,64,32,64,96,128,3.5,300-5k,Apr10_19,,d:\SpikeSortingPipeline\Tanks
,,,,,,,,,,,,,,,,,,,,,,,,,,,,,,,,,
111,"April 17, 2019",c:\users\scylla\Desktop\RZ2_192ch\DataTanks,SAM-190417, ,2,Texture,64, , ,RZ2-1,RZ2-1,RZ2-2,RZ2-2,RZ2-2,RZ2-2,xpz5,xpz5,xpz2,xpz2, , ,"Synapse crashed at trial 13, Block-2 starts at trial 14",32,64,32,64,96,128,3.5,300-5k,Apr17_19,,d:\SpikeSortingPipeline\Tanks
111,"April 17, 2019",c:\users\scylla\Desktop\RZ2_192ch\DataTanks,SAM-190417, ,3,Texture,64, , ,RZ2-1,RZ2-1,RZ2-2,RZ2-2,RZ2-2,RZ2-2,xpz5,xpz5,xpz2,xpz2, , ,This block starts at trial 14,32,64,32,64,96,128,3.5,300-5k,Apr17_19,,d:\SpikeSortingPipeline\Tanks
111,"April 17, 2019",c:\users\scylla\Desktop\RZ2_192ch\DataTanks,SAM-190417, ,4,STRF,64, , ,RZ2-1,RZ2-1,RZ2-2,RZ2-2,RZ2-2,RZ2-2,xpz5,xpz5,xpz2,xpz2, , ,Only 64 channels in AL and A1,32,64,32,64,96,128,3.5,300-5k, ,,d:\SpikeSortingPipeline\Tanks
111,"April 17, 2019",c:\users\scylla\Desktop\RZ2_192ch\DataTanks,SAM-190417, ,5,noise,64,,,RZ2-1,RZ2-1,RZ2-2,RZ2-2,RZ2-2,RZ2-2,xpz5,xpz5,xpz2,xpz2, , ,Only 64 channels in AL and A1,32,64,32,64,96,128,3.5,300-5k, ,,d:\SpikeSortingPipeline\Tanks
,,,,,,,,,,,,,,,,,,,,,,,,,,,,,,,,,
112,"April 24, 2019",c:\users\scylla\Desktop\RZ2_192ch\DataTanks,SAM-190424, ,1,Texture,64, , ,RZ2-1,RZ2-1,RZ2-2,RZ2-2,RZ2-2,RZ2-2,xpz5,xpz5,xpz2,xpz2, , ,"Synapse crashed at trial 14, Block-2 starts at trial 15",32,64,32,64,96,128,3.5,300-5k,Apr24_19,,d:\SpikeSortingPipeline\Tanks
112,"April 24, 2019",c:\users\scylla\Desktop\RZ2_192ch\DataTanks,SAM-190424, ,2,Texture,64, , ,RZ2-1,RZ2-1,RZ2-2,RZ2-2,RZ2-2,RZ2-2,xpz5,xpz5,xpz2,xpz2, , , ,32,64,32,64,96,128,3.5,300-5k,Apr24_19,,d:\SpikeSortingPipeline\Tanks
112,"April 24, 2019",c:\users\scylla\Desktop\RZ2_192ch\DataTanks,SAM-190424, ,3,STRF,64, , ,RZ2-1,RZ2-1,RZ2-2,RZ2-2,RZ2-2,RZ2-2,xpz5,xpz5,xpz2,xpz2, , , ,32,64,32,64,96,128,3.5,300-5k, ,,d:\SpikeSortingPipeline\Tanks
,,,,,,,,,,,,,,,,,,,,,,,,,,,,,,,,,
113,"April 26, 2019",c:\users\scylla\Desktop\RZ2_192ch\DataTanks,SAM-190426, ,1,STRF+Texture,96, , ,RZ2-1,RZ2-1,RZ2-2,RZ2-2,RZ2-2,RZ2-2,xpz5,xpz5,xpz2,xpz2, , ,"STRF(0-11:00), Texture(12:00- end of block)",32,64,32,64,96,128,3.5,300-5k,Apr26_19,,d:\SpikeSortingPipeline\Tanks
,,,,,,,,,,,,,,,,,,,,,,,,,,,,,,,,,
114,"May 1, 2019",c:\users\scylla\Desktop\RZ2_192ch\DataTanks,SAM-190501, ,1,STRF+Texture,64, , ,RZ2-1,RZ2-1,RZ2-2,RZ2-2,RZ2-2,RZ2-2,xpz5,xpz5,xpz2,xpz2, , ,"STRF(0-12:00), Texture(12:00- end of block)",32,64,32,64,96,128,3.5,300-5k,May1_19,,d:\SpikeSortingPipeline\Tanks
,,,,,,,,,,,,,,,,,,,,,,,,,,,,,,,,,
115,"May 3, 2019",c:\users\scylla\Desktop\RZ2_192ch\DataTanks,SAM-190503, ,1,STRF+Texture,64, , ,RZ2-1,RZ2-1,RZ2-2,RZ2-2,RZ2-2,RZ2-2,xpz5,xpz5,xpz2,xpz2, , ,"STRF(0-12:00), Texture(12:00- end of block)",32,64,32,64,96,128,3.5,300-5k,May3_19,,d:\SpikeSortingPipeline\Tanks
,,,,,,,,,,,,,,,,,,,,,,,,,,,,,,,,,
116,"May 6, 2019",c:\users\scylla\Desktop\RZ2_192ch\DataTanks,SAM-190506, ,1,STRF+Texture,96, , ,RZ2-1,RZ2-1,RZ2-2,RZ2-2,RZ2-2,RZ2-2,xpz5,xpz5,xpz2,xpz2, , ,"STRF(0-12:00), Texture(12:00- end of block), only AL and A1",32,64,32,64,96,128,3.5,300-5k,May6_19,,d:\SpikeSortingPipeline\Tanks
,,,,,,,,,,,,,,,,,,,,,,,,,,,,,,,,,
117,"May 7, 2019",c:\users\scylla\Desktop\RZ2_192ch\DataTanks,SAM-190507, ,1,STRF,96, , ,RZ2-1,RZ2-1,RZ2-2,RZ2-2,RZ2-2,RZ2-2,xpz5,xpz5,xpz2,xpz2, , ,Did 2 blocks to speed up strf.,32,64,32,64,96,128,3.5,300-5k, ,,d:\SpikeSortingPipeline\Tanks
117,"May 7, 2019",c:\users\scylla\Desktop\RZ2_192ch\DataTanks,SAM-190507, ,2,Texture,96, , ,RZ2-1,RZ2-1,RZ2-2,RZ2-2,RZ2-2,RZ2-2,xpz5,xpz5,xpz2,xpz2, , , ,32,64,32,64,96,128,3.5,300-5k,May7_19,,d:\SpikeSortingPipeline\Tanks
,,,,,,,,,,,,,,,,,,,,,,,,,,,,,,,,,
118,"May 14, 2019",c:\users\scylla\Desktop\RZ2_192ch\DataTanks,SAM-190514, ,1,STRF,96, , ,RZ2-1,RZ2-1,RZ2-2,RZ2-2,RZ2-2,RZ2-2,xpz5,xpz5,xpz2,xpz2, , , ,32,64,32,64,96,128,3.5,300-5k, ,,d:\SpikeSortingPipeline\Tanks
118,"May 14, 2019",c:\users\scylla\Desktop\RZ2_192ch\DataTanks,SAM-190514, ,2,Texture,96, , ,RZ2-1,RZ2-1,RZ2-2,RZ2-2,RZ2-2,RZ2-2,xpz5,xpz5,xpz2,xpz2, , ,Trials 1-430,32,64,32,64,96,128,3.5,300-5k,May14_19,,d:\SpikeSortingPipeline\Tanks
118,"May 14, 2019",c:\users\scylla\Desktop\RZ2_192ch\DataTanks,SAM-190514, ,3,Texture,96, , ,RZ2-1,RZ2-1,RZ2-2,RZ2-2,RZ2-2,RZ2-2,xpz5,xpz5,xpz2,xpz2, , ,431-end,32,64,32,64,96,128,3.5,300-5k,May14_19,,d:\SpikeSortingPipeline\Tanks
,,,,,,,,,,,,,,,,,,,,,,,,,,,,,,,,,
119,"May 15, 2019",c:\users\scylla\Desktop\RZ2_192ch\DataTanks,SAM-190515, ,1,STRF+Texture,96, , ,RZ2-1,RZ2-1,RZ2-2,RZ2-2,RZ2-2,RZ2-2,xpz5,xpz5,xpz2,xpz2, , ,"STRF(0-11:00), Texture(12:00- end of block), only AL and A1",32,64,32,64,96,128,3.5,300-5k,May15_19,,d:\SpikeSortingPipeline\Tanks
,,,,,,,,,,,,,,,,,,,,,,,,,,,,,,,,,
120,"May 16, 2019",c:\users\scylla\Desktop\RZ2_192ch\DataTanks,SAM-190516, ,1,STRF+Texture,96, , ,RZ2-1,RZ2-1,RZ2-2,RZ2-2,RZ2-2,RZ2-2,xpz5,xpz5,xpz2,xpz2, , ,"STRF(0-11:00), Texture(12:00- end of block), only AL and A1",32,64,32,64,96,128,3.5,300-5k,May16_19,,d:\SpikeSortingPipeline\Tanks
,,,,,,,,,,,,,,,,,,,,,,,,,,,,,,,,,
121,"May 17, 2019",c:\users\scylla\Desktop\RZ2_192ch\DataTanks,SAM-190517, ,1,STRF+Texture,96, , ,RZ2-1,RZ2-1,RZ2-2,RZ2-2,RZ2-2,RZ2-2,xpz5,xpz5,xpz2,xpz2, , ,"STRF(0-11:00), Texture(12:00- end of block), only AL and A1",32,64,32,64,96,128,3.5,300-5k,May17_19,,d:\SpikeSortingPipeline\Tanks
121,"May 17, 2019",c:\users\scylla\Desktop\RZ2_192ch\DataTanks,SAM-190517, ,1,STRF ,96, , ,RZ2-1,RZ2-1,RZ2-2,RZ2-2,RZ2-2,RZ2-2,xpz5,xpz5,xpz2,xpz2, , ,Run an extra STRF,32,64,32,64,96,128,3.5,300-5k, ,,d:\SpikeSortingPipeline\Tanks
,,,,,,,,,,,,,,,,,,,,,,,,,,,,,,,,,
122,"May 20, 2019",c:\users\scylla\Desktop\RZ2_192ch\DataTanks,SAM-190520, ,1,STRF+Texture,96, , ,RZ2-1,RZ2-1,RZ2-2,RZ2-2,RZ2-2,RZ2-2,xpz5,xpz5,xpz2,xpz2, , ,"STRF(0-11:00), Texture(12:00- end of block), only AL and A1",32,64,32,64,96,128,3.5,300-5k,May20_19,,d:\SpikeSortingPipeline\Tanks
,,,,,,,,,,,,,,,,,,,,,,,,,,,,,,,,,
123,"May 21, 2019",c:\users\scylla\Desktop\RZ2_192ch\DataTanks,SAM-190521, ,1,STRF+Texture,96, , ,RZ2-1,RZ2-1,RZ2-2,RZ2-2,RZ2-2,RZ2-2,xpz5,xpz5,xpz2,xpz2, , ,"STRF(0-11:00), Texture(12:00- end of block), only AL and A1",32,64,32,64,96,128,3.5,300-5k,May21_19,,d:\SpikeSortingPipeline\Tanks
123,"May 21, 2019",c:\users\scylla\Desktop\RZ2_192ch\DataTanks,SAM-190521, ,2,STRF ,96, , ,RZ2-1,RZ2-1,RZ2-2,RZ2-2,RZ2-2,RZ2-2,xpz5,xpz5,xpz2,xpz2, , , ,32,64,32,64,96,128,3.5,300-5k, ,,d:\SpikeSortingPipeline\Tanks
,,,,,,,,,,,,,,,,,,,,,,,,,,,,,,,,,
124,"May 22, 2019",c:\users\scylla\Desktop\RZ2_192ch\DataTanks,SAM-190522, ,1,STRF+Texture,96, , ,RZ2-1,RZ2-1,RZ2-2,RZ2-2,RZ2-2,RZ2-2,xpz5,xpz5,xpz2,xpz2, , ,"STRF(0-11:00), Texture(12:00- end of block), only AL and A1",32,64,32,64,96,128,3.5,300-5k,May21_19,,d:\SpikeSortingPipeline\Tanks
